0,61,0.745
0,65,0.386
1,60,0.371
1,61,0.487
1,62,0.439
1,63,0.436
1,64,0.432
1,65,0.502
1,66,0.451
1,67,0.42
1,68,0.398
1,70,0.268
2,54,0.0609
2,56,0.0723
2,57,0.136
2,58,0.0731
2,61,0.0798
2,62,0.0532
2,63,0.0848
2,64,0.0218
2,66,0.0294
2,67,0.0163
2,70,0.0241
3,57,0.0736
3,64,0.421
3,67,0.0699
4,44,0.0085
5,43,0.0253
5,44,0.0189
5,45,0.021
5,46,0.0217
5,47,0.0264
5,48,0.0211
5,49,0.0284
5,50,0.0241
5,51,0.0219
5,52,0.0204
5,53,0.0185
5,54,0.0178
5,55,0.0157
5,56,0.0241
5,57,0.02
5,58,0.0167
5,59,0.0159
5,60,0.0144
5,61,0.0119
5,62,0.0116
5,63,0.0151
5,64,0.0117
5,65,0.0096
5,66,0.0104
5,67,0.0128
5,70,0.0097
6,60,0.0853
6,62,0.248
6,63,0.22
6,64,0.189
6,66,0.185
6,67,0.0999
6,68,0.105
6,69,0.0869
7,43,0.0121
7,44,0.0128
7,45,0.014
7,46,0.0145
7,47,0.0144
7,48,0.0134
7,49,0.0133
7,50,0.0131
7,51,0.0109
7,52,0.0121
7,53,0.0116
7,54,0.0071
7,55,0.0058
7,56,0.0055
7,57,0.0053
7,58,0.0045
7,59,0.0041
7,60,0.0035
7,61,0.0032
7,62,0.0031
7,63,0.0032
7,64,0.0028
7,65,0.0027
7,66,0.0025
7,67,0.0027
7,68,0.0027
7,69,0.0026
7,70,0.0023
8,47,0.0517
8,48,0.0532
8,49,0.0545
8,50,0.0488
8,51,0.0437
8,52,0.0432
8,53,0.0412
8,54,0.0389
8,55,0.0376
8,56,0.0317
8,57,0.0162
8,58,0.0187
8,59,0.0199
8,60,0.0284
8,61,0.0266
8,62,0.0257
8,63,0.0242
8,64,0.0218
8,65,0.0206
8,66,0.0197
8,67,0.0206
8,68,0.0173
8,69,0.0164
8,70,0.0167
9,56,0.226
9,57,0.186
9,58,0.168
9,62,0.302
9,63,0.31
9,64,0.321
9,65,0.33
9,66,0.337
9,67,0.337
9,68,0.332
9,69,0.414
9,70,0.414
10,44,0.0067
10,45,0.0057
10,46,0.0057
10,47,0.004
10,48,0.0097
10,49,0.0114
10,50,0.002
10,51,0.0041
10,52,0.0037
10,54,0.0017
10,55,0.0068
10,56,0.0014
10,57,0.0048
10,61,0.0027
10,62,0.0032
10,64,0.0021
11,44,0.0005
11,54,0.0006
11,55,0.0078
11,56,0.0075
11,57,0.0006
11,58,0.0074
11,59,0.0074
11,60,0.0071
11,61,0.0073
11,62,0.0076
11,63,0.0075
12,49,0.773
12,53,0.733
12,56,0.48
12,58,0.601
12,59,0.601
12,63,0.563
12,64,0.114
12,66,0.501
12,69,0.376
12,70,0.291
13,43,0.0063
13,44,0.0044
13,45,0.0022
13,46,0.0023
13,49,0.0037
13,53,0.0016
13,54,0.0016
13,57,0.0016
14,69,0.0004
14,70,0.0004
15,36,0.0872
15,37,0.102
15,38,0.0961
15,39,0.0838
15,40,0.072
15,41,0.061
15,42,0.0683
15,43,0.0624
15,44,0.0513
15,45,0.0592
15,46,0.0546
15,47,0.0508
15,48,0.0541
15,49,0.0537
15,50,0.05
15,51,0.0414
15,52,0.0526
15,53,0.0419
15,54,0.0395
15,55,0.0375
15,56,0.0324
15,57,0.0326
15,58,0.034
15,59,0.0295
15,60,0.0248
15,61,0.0218
15,62,0.022
15,63,0.0181
15,64,0.0185
15,65,0.0137
15,66,0.0148
15,67,0.0148
15,68,0.0136
15,69,0.0119
15,70,0.0108
16,46,0.0258
16,47,0.0485
16,48,0.043
16,49,0.0412
16,50,0.042
16,51,0.0467
16,52,0.0353
16,58,0.043
16,69,0.048
16,70,0.0451
17,63,0.194
17,64,0.21
18,58,0.517
18,59,0.647
18,62,0.623
18,63,0.486
18,64,0.487
18,65,0.562
18,67,0.539
18,68,0.482
19,42,0.0828
19,43,0.0668
19,44,0.0881
19,45,0.0803
19,46,0.118
19,47,0.126
19,48,0.151
19,49,0.149
19,50,0.142
19,52,0.375
19,53,0.367
19,54,0.402
19,55,0.388
19,56,0.339
19,57,0.339
19,58,0.368
19,59,0.387
19,60,0.344
19,61,0.307
19,62,0.293
19,64,0.308
19,65,0.231
19,66,0.262
19,67,0.295
19,68,0.251
19,69,0.257
19,70,0.249
20,59,0.109
20,60,0.0879
20,61,0.105
20,62,0.129
20,63,0.112
20,64,0.103
20,65,0.0896
20,66,0.0879
20,67,0.0788
20,70,0.0738
21,37,0.0038
21,47,0.0676
21,51,0.124
21,53,0.174
21,54,0.0118
21,56,0.0222
21,59,0.0434
21,62,0.0589
21,63,0.0623
21,66,0.0394
22,43,0.0941
22,45,0.119
22,46,0.118
22,48,0.119
22,49,0.102
22,50,0.107
22,51,0.101
22,52,0.11
22,53,0.055
22,54,0.0855
22,55,0.0851
22,56,0.0827
22,57,0.0809
22,58,0.0812
22,59,0.0717
22,60,0.068
22,61,0.0588
22,62,0.0554
22,64,0.0414
22,65,0.0458
22,66,0.0459
22,67,0.0426
22,68,0.0418
22,69,0.0352
22,70,0.0361
23,44,0.0063
23,67,0.0077
23,70,0.0035
24,53,0.024
24,54,0.0196
24,55,0.0229
24,56,0.027
24,57,0.0297
24,58,0.0225
24,59,0.0183
24,60,0.0165
24,61,0.0151
24,62,0.0153
24,63,0.0146
24,64,0.0129
24,65,0.0115
24,66,0.0092
24,67,0.0102
24,68,0.009
24,69,0.0082
24,70,0.0107
25,59,0.692
25,67,0.527
26,51,0.0943
26,61,0.0833
26,67,0.659
26,70,0.657
27,49,0.619
27,53,0.59
27,54,0.533
27,61,0.608
27,63,0.193
27,65,0.272
27,67,0.061
27,68,0.038
28,49,0.216
28,54,0.271
28,60,0.335
28,63,0.342
28,67,0.208
29,29,0.0289
29,30,0.025
29,31,0.0251
29,32,0.0244
29,33,0.0198
29,34,0.0207
29,35,0.0197
29,36,0.018
29,37,0.0169
29,38,0.0159
29,39,0.0148
29,40,0.0137
29,41,0.0112
29,42,0.0101
29,43,0.0093
29,44,0.0089
29,45,0.0089
29,46,0.0095
29,47,0.0076
29,48,0.007
29,49,0.0069
29,50,0.0072
29,51,0.0066
29,52,0.0045
29,53,0.0042
29,54,0.0032
29,55,0.0031
29,56,0.003
29,57,0.0026
29,58,0.0021
29,59,0.0024
29,60,0.0022
29,61,0.0019
29,62,0.0017
29,63,0.0014
29,64,0.0015
29,65,0.0015
29,66,0.0013
29,67,0.0015
29,68,0.0015
29,69,0.0016
29,70,0.0016
30,53,0.148
30,68,0.0121
30,70,0.0251
31,46,0.444
32,43,0.0284
32,45,0.0253
32,47,0.0244
32,49,0.0386
32,50,0.0416
32,51,0.0385
32,52,0.0366
32,53,0.0382
32,54,0.0348
32,55,0.0348
32,56,0.0331
32,57,0.034
32,58,0.0324
32,59,0.03
32,60,0.0283
32,61,0.0265
32,62,0.0249
32,63,0.0455
32,64,0.0504
32,65,0.0501
32,66,0.0481
32,67,0.0439
32,68,0.0434
32,69,0.0435
32,70,0.0429
34,45,0.0244
34,46,0.0211
34,47,0.0216
34,48,0.017
34,49,0.0168
34,50,0.0183
34,51,0.0159
34,52,0.0247
34,53,0.0159
34,54,0.0722
34,55,0.0787
34,56,0.0923
34,57,0.0828
34,58,0.0793
34,59,0.0394
34,60,0.0617
34,61,0.0632
34,62,0.0728
34,63,0.07
34,64,0.0696
34,65,0.0739
34,66,0.0691
34,67,0.0664
34,68,0.0637
34,69,0.0572
34,70,0.0591
35,57,0.179
36,58,0.451
36,65,0.311
37,58,0.0622
38,40,0.0384
38,41,0.0487
38,42,0.037
38,43,0.0624
38,44,0.0492
38,45,0.0379
38,46,0.0423
38,47,0.0374
38,48,0.0496
38,49,0.0386
38,50,0.041
38,51,0.0397
38,52,0.0422
38,53,0.0334
38,54,0.0355
38,56,0.0361
38,57,0.0353
38,58,0.0346
38,59,0.032
38,60,0.0276
38,61,0.0262
38,62,0.0233
38,63,0.0286
38,64,0.0298
38,65,0.0331
38,66,0.0412
38,67,0.037
38,68,0.0401
38,69,0.0363
38,70,0.0319
39,65,0.266
39,66,0.233
39,69,0.214
40,49,0.124
40,50,0.115
40,51,0.1
40,52,0.0896
40,53,0.0824
40,54,0.0776
40,55,0.076
40,56,0.0664
40,57,0.0524
40,58,0.0401
40,59,0.0361
40,60,0.0372
40,61,0.036
40,62,0.0387
40,63,0.043
40,64,0.0477
40,65,0.0379
40,66,0.0244
40,67,0.023
40,68,0.0282
40,69,0.0203
40,70,0.0163
41,62,0.0003
41,63,0.0002
42,53,0.0664
42,54,0.0617
42,55,0.0613
42,56,0.065
42,57,0.0619
42,58,0.0478
42,59,0.0356
42,60,0.0271
42,61,0.0301
42,62,0.0343
42,63,0.028
42,64,0.0233
42,65,0.0232
42,66,0.0213
42,67,0.0215
42,68,0.0143
42,69,0.0134
42,70,0.0086
43,46,0.0042
43,47,0.0065
43,48,0.0083
43,49,0.0078
43,50,0.0064
43,51,0.0081
43,52,0.0098
43,53,0.0099
43,54,0.0116
43,55,0.0118
43,56,0.0126
43,57,0.011
43,58,0.0125
43,59,0.0127
43,60,0.0107
43,61,0.0103
43,62,0.0098
43,63,0.0105
43,64,0.0097
43,65,0.01
43,66,0.0159
43,67,0.0107
43,68,0.0105
43,69,0.0093
43,70,0.0084
44,36,0.0665
44,37,0.0557
44,38,0.0529
44,39,0.047
44,40,0.0483
44,41,0.0451
44,42,0.0397
44,43,0.04
44,44,0.0382
44,45,0.0365
44,46,0.0361
44,47,0.029
44,48,0.0228
44,49,0.0182
44,50,0.0216
44,51,0.0243
44,52,0.0192
44,53,0.0182
44,54,0.0147
44,55,0.0145
44,56,0.013
44,57,0.015
44,58,0.0139
44,59,0.012
44,60,0.008
44,61,0.0052
44,62,0.0052
44,63,0.0047
44,64,0.0037
44,65,0.0038
44,66,0.0025
44,67,0.0025
44,68,0.0034
44,69,0.0086
44,70,0.0047
45,44,0.029
45,50,0.0335
45,52,0.0187
45,54,0.0198
46,44,0.0367
46,45,0.0389
46,46,0.0439
46,47,0.0449
46,48,0.04
46,49,0.0275
46,50,0.0287
46,51,0.03
46,52,0.0279
46,53,0.0213
46,54,0.0202
46,55,0.0178
46,56,0.0175
46,57,0.0174
46,58,0.0422
46,59,0.029
46,60,0.029
46,61,0.0551
46,62,0.0284
46,63,0.0283
46,64,0.0267
46,65,0.0227
46,66,0.0199
46,67,0.0238
46,68,0.0338
46,69,0.0341
46,70,0.0279
47,41,0.0702
47,42,0.0816
47,43,0.113
47,44,0.104
47,45,0.116
47,46,0.106
47,47,0.11
47,48,0.125
47,49,0.109
47,50,0.0878
47,51,0.108
47,52,0.0991
47,53,0.186
47,54,0.213
47,55,0.0864
47,56,0.15
47,57,0.194
47,58,0.164
47,59,0.195
47,60,0.176
47,61,0.176
47,62,0.179
47,63,0.158
47,64,0.16
47,65,0.168
47,66,0.163
47,67,0.144
47,68,0.171
47,69,0.194
47,70,0.204
48,46,0.328
48,47,0.335
48,48,0.298
48,50,0.3
48,51,0.233
48,52,0.22
48,53,0.26
48,54,0.17
48,55,0.195
48,56,0.258
48,57,0.321
48,58,0.315
48,59,0.326
48,60,0.339
48,61,0.347
48,62,0.332
48,63,0.293
48,64,0.301
48,65,0.275
48,66,0.346
48,67,0.367
48,68,0.399
48,69,0.234
48,70,0.263
49,46,0.0864
49,47,0.0809
49,48,0.0832
49,49,0.0937
49,50,0.07
49,51,0.106
49,52,0.0857
49,53,0.0737
49,54,0.106
49,55,0.086
49,56,0.0903
49,57,0.0772
49,58,0.103
49,59,0.0991
49,60,0.0997
49,61,0.0747
49,62,0.0717
49,63,0.076
49,64,0.0809
49,65,0.0799
49,66,0.0846
49,67,0.0794
49,68,0.0795
49,69,0.0887
49,70,0.0815
50,36,0.765
188,49,0.005
51,42,0.019
51,44,0.0238
51,45,0.0278
51,46,0.0341
51,48,0.0186
51,49,0.0199
51,50,0.0191
51,51,0.0114
51,52,0.0098
51,53,0.0044
51,54,0.0031
51,55,0.0017
51,56,0.0015
51,57,0.0021
51,58,0.002
51,59,0.0017
51,60,0.003
51,61,0.0022
51,62,0.0018
51,63,0.0013
51,64,0.0023
51,65,0.0034
51,66,0.0026
51,67,0.0022
51,68,0.0019
51,69,0.0006
51,70,0.0019
52,50,0.0155
52,69,0.0283
53,52,0.577
53,58,0.644
53,66,0.586
54,58,0.173
54,64,0.331
54,67,0.0027
54,69,0.0106
55,42,0.0117
55,43,0.0109
55,44,0.0096
55,45,0.0093
55,46,0.0099
55,47,0.008
55,48,0.0135
55,49,0.0139
55,50,0.0084
55,51,0.005
55,52,0.0076
55,53,0.0061
55,54,0.0059
55,55,0.0049
55,56,0.004
55,57,0.0032
55,58,0.0044
55,59,0.0049
55,60,0.0045
55,61,0.0042
55,62,0.0041
55,63,0.0049
55,64,0.0035
55,65,0.004
55,66,0.0033
55,67,0.0038
55,68,0.0037
55,69,0.0047
55,70,0.0035
56,36,0.09
56,37,0.0912
56,38,0.0852
56,39,0.0786
56,40,0.0715
56,41,0.0659
56,42,0.0577
56,43,0.0551
56,44,0.05
56,45,0.0492
56,46,0.0438
56,47,0.0422
56,48,0.0378
56,49,0.0341
56,50,0.0322
56,51,0.0287
56,52,0.0279
56,53,0.0231
56,54,0.0204
56,55,0.0196
56,56,0.0201
56,57,0.0185
56,58,0.0154
56,59,0.0145
56,60,0.0105
56,61,0.0099
56,62,0.0101
56,63,0.0085
56,64,0.0082
56,65,0.007
56,66,0.007
56,67,0.007
56,68,0.0064
56,69,0.0065
56,70,0.0055
57,46,0.0533
57,63,0.0193
58,65,0.135
59,51,0.403
59,52,0.401
59,53,0.367
59,54,0.402
59,55,0.371
59,56,0.388
59,57,0.376
59,58,0.39
59,61,0.348
59,62,0.329
59,63,0.312
59,64,0.328
59,65,0.329
59,66,0.319
59,67,0.31
59,68,0.298
59,69,0.293
59,70,0.28
60,36,0.0791
60,37,0.0749
60,38,0.0617
60,39,0.0607
60,40,0.055
60,41,0.0533
60,42,0.0459
60,43,0.043
60,44,0.0292
60,45,0.0287
60,46,0.0276
60,47,0.0262
60,48,0.0265
60,49,0.0192
60,50,0.0175
60,51,0.0183
60,52,0.0152
60,53,0.0142
60,54,0.0213
60,55,0.0192
60,56,0.0169
60,57,0.0191
60,58,0.0194
60,59,0.0174
60,60,0.0177
60,61,0.0151
60,62,0.0102
60,63,0.0089
60,64,0.0088
60,65,0.0078
60,66,0.0071
60,67,0.0066
60,68,0.0058
60,69,0.0055
60,70,0.0053
61,63,0.144
61,66,0.278
61,68,0.135
62,36,0.36
62,37,0.357
62,38,0.339
62,39,0.357
62,40,0.339
62,41,0.321
62,42,0.313
62,43,0.277
62,44,0.252
62,45,0.26
62,46,0.252
62,47,0.256
62,48,0.251
62,49,0.243
62,50,0.236
62,51,0.213
62,52,0.185
62,53,0.172
62,54,0.148
62,55,0.139
62,56,0.137
62,57,0.113
62,58,0.111
62,59,0.108
62,60,0.105
62,61,0.0968
62,62,0.0955
62,63,0.0912
62,64,0.0848
62,65,0.0777
62,66,0.0772
62,67,0.0707
62,68,0.063
62,69,0.0577
62,70,0.0596
63,44,0.0551
63,49,0.0061
63,51,0.0173
64,51,0.131
64,53,0.151
64,55,0.245
64,56,0.21
64,57,0.171
64,63,0.169
64,64,0.128
64,65,0.176
64,66,0.121
64,67,0.131
64,68,0.123
64,69,0.114
65,55,0.41
67,43,0.112
67,56,0.034
68,43,0.0626
68,44,0.0662
68,45,0.0702
68,47,0.0609
68,48,0.0646
68,49,0.105
68,50,0.108
68,51,0.107
68,52,0.143
68,54,0.113
68,55,0.11
68,56,0.101
68,57,0.0913
68,58,0.0906
68,59,0.0778
68,60,0.0835
68,61,0.077
68,62,0.0925
68,63,0.106
68,64,0.108
68,65,0.0943
68,66,0.104
68,67,0.101
68,68,0.113
68,69,0.105
68,70,0.11
69,45,0.0182
69,46,0.0166
69,47,0.016
69,48,0.0166
69,49,0.016
69,50,0.0176
69,51,0.0112
69,52,0.0107
69,53,0.01
69,54,0.0094
69,55,0.0098
69,56,0.007
69,57,0.0062
69,58,0.0067
69,59,0.0077
69,60,0.0069
69,61,0.0044
69,62,0.0048
69,63,0.0045
69,64,0.0063
69,65,0.0053
69,66,0.0047
69,67,0.004
69,68,0.0027
69,69,0.0039
69,70,0.0046
70,44,0.0304
70,45,0.0272
70,46,0.0284
70,47,0.0249
70,48,0.0125
70,49,0.0092
70,50,0.0039
70,51,0.0031
70,52,0.003
70,53,0.0056
70,55,0.0039
70,70,0.0023
71,47,0.337
71,53,0.336
71,58,0.382
71,63,0.318
71,65,0.315
72,53,0.389
72,54,0.386
72,55,0.362
72,56,0.415
72,57,0.385
72,58,0.375
72,59,0.341
72,60,0.336
72,61,0.326
72,62,0.329
72,63,0.335
72,64,0.328
72,65,0.321
72,66,0.308
72,67,0.3
72,68,0.281
72,69,0.26
72,70,0.252
73,49,0.208
73,60,0.326
73,61,0.297
73,62,0.29
73,63,0.267
73,67,0.195
73,68,0.199
73,69,0.196
73,70,0.186
75,36,0.0683
75,37,0.0569
75,38,0.0652
75,39,0.0362
75,40,0.0413
75,41,0.0366
75,42,0.0371
75,43,0.0351
75,44,0.0263
75,45,0.0204
75,46,0.0233
75,47,0.0212
75,48,0.0188
75,49,0.0148
75,50,0.0184
75,51,0.02
75,52,0.018
75,53,0.019
75,54,0.0148
75,55,0.0116
75,56,0.0135
75,57,0.0092
75,58,0.009
75,59,0.0087
75,60,0.0098
75,61,0.0087
75,62,0.0102
75,63,0.0092
75,64,0.0077
75,65,0.0089
75,66,0.01
75,67,0.0081
75,68,0.0093
75,69,0.0089
75,70,0.0062
76,48,0.0121
76,49,0.0106
76,50,0.0092
76,51,0.0085
76,52,0.0082
76,53,0.0077
76,54,0.0076
76,55,0.0067
76,56,0.0068
76,57,0.0057
76,58,0.0055
76,59,0.0047
76,60,0.0038
76,61,0.0034
76,62,0.0033
76,63,0.0027
76,64,0.0022
76,65,0.0019
76,66,0.0017
76,67,0.0015
76,68,0.0013
76,69,0.0013
76,70,0.0011
77,36,0.103
77,37,0.112
77,38,0.106
77,39,0.101
77,40,0.0998
77,41,0.0949
77,42,0.0825
77,43,0.0737
77,44,0.0732
77,45,0.0894
77,46,0.0851
77,47,0.0795
77,48,0.0768
77,49,0.0722
77,50,0.0685
77,51,0.066
77,52,0.0577
77,53,0.0581
77,54,0.0609
77,55,0.0589
77,56,0.0591
77,57,0.0363
77,58,0.0281
77,59,0.0271
77,60,0.0262
77,61,0.0248
77,62,0.022
77,63,0.0228
77,64,0.0223
77,65,0.0199
77,66,0.0201
77,67,0.0195
77,68,0.0186
77,69,0.0177
77,70,0.0165
78,44,0.0447
78,45,0.0411
78,46,0.032
78,47,0.0337
78,48,0.0393
78,49,0.0359
78,50,0.0318
78,51,0.0344
78,52,0.0301
78,53,0.0303
78,54,0.0345
78,55,0.0251
78,56,0.0222
78,57,0.0238
78,58,0.0249
78,59,0.0217
78,60,0.0216
78,61,0.0212
78,64,0.0146
78,65,0.0147
79,43,0.167
79,44,0.155
79,45,0.143
79,46,0.131
79,47,0.128
79,48,0.125
79,49,0.12
79,50,0.116
79,51,0.113
79,52,0.111
79,53,0.106
79,54,0.101
79,55,0.0952
79,56,0.0916
79,57,0.0887
79,58,0.0858
79,59,0.0762
79,60,0.073
79,61,0.0685
79,62,0.0629
79,63,0.0587
79,64,0.0559
79,65,0.0546
79,66,0.0526
79,67,0.0498
79,68,0.0479
79,69,0.0439
79,70,0.0423
80,57,0.0051
81,54,0.0124
81,55,0.0133
81,56,0.0116
81,57,0.0133
81,58,0.0089
81,59,0.0114
81,60,0.0111
81,61,0.009
81,62,0.0089
81,63,0.009
81,64,0.0083
81,65,0.0039
81,66,0.0041
81,68,0.0012
82,52,0.537
83,63,0.0874
84,58,0.0003
84,68,0
84,69,0
85,55,0.159
85,56,0.177
85,57,0.218
85,58,0.21
85,59,0.193
85,62,0.136
85,63,0.129
85,64,0.138
85,65,0.145
85,66,0.211
85,67,0.207
85,68,0.171
85,69,0.144
85,70,0.111
86,48,0.376
86,58,0.65
86,63,0.452
86,70,0.456
87,49,0.0508
87,50,0.0747
87,51,0.0622
87,52,0.0621
87,53,0.048
87,54,0.0525
87,55,0.0423
87,56,0.0418
87,57,0.0462
87,58,0.021
87,59,0.0158
87,60,0.0181
87,61,0.0117
87,62,0.014
87,63,0.0142
87,64,0.011
87,65,0.0075
87,66,0.0063
87,67,0.0057
87,68,0.0062
87,69,0.0066
87,70,0.0042
88,57,0.0403
88,60,0.059
89,40,0.259
89,61,0.0371
90,63,0.197
93,51,0.0407
93,52,0.0435
93,53,0.0355
93,54,0.0362
93,55,0.0437
93,56,0.0457
93,57,0.042
93,58,0.0392
93,59,0.0398
93,60,0.0268
93,61,0.0192
93,62,0.019
93,63,0.0176
93,64,0.0149
93,65,0.0146
93,66,0.0145
93,67,0.0136
93,68,0.0143
93,69,0.011
93,70,0.0109
94,36,0.0768
94,37,0.0637
94,38,0.0581
94,39,0.0448
94,40,0.0485
94,41,0.0443
94,42,0.0413
94,43,0.0412
94,44,0.0396
94,45,0.0261
94,46,0.0352
94,47,0.0304
94,48,0.0335
94,49,0.0184
94,50,0.0149
94,51,0.0138
94,52,0.0153
94,53,0.0129
94,54,0.0114
94,55,0.0133
94,56,0.0036
94,57,0.0077
94,58,0.006
94,59,0.0042
94,60,0.0034
94,61,0.005
94,62,0.0101
94,63,0.0074
94,64,0.0058
94,65,0.0066
94,66,0.0064
94,67,0.0055
94,68,0.0103
94,69,0.0109
94,70,0.0073
95,46,0.416
95,56,0.519
95,58,0.73
95,63,0.634
95,65,0.608
95,68,0.594
96,66,0.0758
97,48,0.132
97,49,0.138
97,50,0.124
97,51,0.12
97,52,0.118
97,53,0.111
97,54,0.103
97,55,0.0963
97,56,0.0958
97,57,0.0965
97,58,0.0852
97,59,0.0902
97,60,0.0883
97,61,0.0807
97,62,0.0792
97,63,0.0769
97,64,0.0732
97,65,0.0849
97,66,0.0832
97,67,0.0817
97,68,0.0818
97,69,0.0767
98,43,0.0658
98,48,0.122
98,53,0.0336
98,59,0.229
98,67,0.0893
98,69,0.0395
99,57,0.102
99,59,0.467
99,60,0.341
99,67,0.412
99,68,0.279
99,69,0.411
100,69,0.0009
100,70,0.0009
101,52,0.0096
102,65,0.149
103,43,0.0309
103,48,0.0409
103,53,0.0166
103,54,0.0331
103,55,0.0374
103,56,0.0528
103,57,0.0463
103,58,0.0464
103,59,0.0468
103,60,0.0466
103,61,0.0444
103,62,0.0481
103,63,0.0512
103,64,0.0426
103,65,0.0479
103,66,0.0459
103,67,0.0445
103,68,0.0473
103,69,0.0435
103,70,0.0362
104,43,0.0545
104,44,0.174
104,45,0.162
104,46,0.177
104,47,0.168
104,48,0.17
104,49,0.161
104,50,0.18
104,51,0.15
104,52,0.144
104,53,0.126
104,54,0.119
104,55,0.119
104,56,0.117
104,57,0.112
104,58,0.108
104,59,0.103
104,60,0.103
104,61,0.0994
104,62,0.0947
104,63,0.0935
104,64,0.0923
104,65,0.0887
104,66,0.0816
104,67,0.0803
104,68,0.0768
104,69,0.0722
104,70,0.0695
105,52,0.0797
105,53,0.0884
105,54,0.107
105,55,0.102
105,56,0.0339
105,57,0.0148
105,58,0.0139
105,59,0.0428
105,60,0.0337
105,61,0.0347
105,62,0.0338
105,63,0.0346
105,64,0.0442
105,65,0.0334
105,66,0.0302
105,67,0.035
105,68,0.0612
105,69,0.0706
105,70,0.0551
107,53,0.386
107,56,0.317
107,60,0.361
107,61,0.341
107,62,0.351
107,63,0.153
107,64,0.103
107,65,0.0598
107,66,0.0389
107,67,0.0358
107,68,0.0313
107,69,0.046
107,70,0.0484
108,58,0.026
108,60,0.0263
108,61,0.0273
108,62,0.0142
108,63,0.0177
108,64,0.0074
108,65,0.0242
108,66,0.0153
108,67,0.0232
108,68,0.0328
108,69,0.0311
108,70,0.0389
109,47,0.293
109,51,0.509
109,52,0.549
109,53,0.0547
109,54,0.0507
109,55,0.525
109,56,0.525
109,57,0.561
109,58,0.557
109,59,0.553
109,60,0.518
109,61,0.486
109,62,0.498
109,63,0.485
109,64,0.495
109,65,0.473
110,56,0.568
110,68,0.277
111,68,0.171
111,70,0.363
112,47,0.315
112,50,0.181
112,53,0.0413
112,54,0.22
112,57,0.0585
112,61,0.0117
112,63,0.0298
112,65,0.0703
112,66,0.0538
112,67,0.0726
112,69,0.0505
114,54,0.129
114,61,0.639
115,36,0.0694
115,38,0.0617
115,40,0.0534
115,41,0.0486
115,42,0.0485
115,43,0.0508
115,44,0.0383
115,45,0.0262
115,46,0.0292
115,47,0.0252
115,48,0.0245
115,49,0.021
115,50,0.0211
115,51,0.018
115,52,0.0164
115,53,0.0159
115,54,0.0136
115,55,0.0109
115,56,0.0094
115,57,0.0086
115,58,0.0096
115,59,0.0097
115,60,0.0092
115,61,0.0077
115,62,0.0074
115,63,0.0107
115,64,0.0101
115,65,0.0085
115,66,0.0079
115,67,0.0081
115,68,0.0086
115,69,0.0071
115,70,0.0053
116,39,0.016
116,40,0.0104
116,41,0.0104
116,42,0.011
116,43,0.0188
116,44,0.0194
116,45,0.0185
116,46,0.0164
116,47,0.0163
116,48,0.0156
116,49,0.0181
116,50,0.0135
116,51,0.014
116,52,0.0129
116,53,0.0126
116,54,0.0121
116,55,0.0106
116,56,0.0094
116,57,0.0084
116,58,0.0088
116,59,0.0128
116,60,0.0152
116,61,0.0125
116,62,0.0137
116,63,0.014
116,64,0.0143
116,65,0.014
116,66,0.0147
116,67,0.0137
116,68,0.011
116,69,0.0102
116,70,0.0096
117,46,0.0355
117,48,0.0373
117,49,0.0376
117,50,0.0396
117,51,0.0555
117,52,0.049
117,53,0.11
117,56,0.12
117,57,0.104
117,58,0.117
117,59,0.091
117,61,0.0909
117,65,0.222
117,67,0.0919
118,64,0.324
120,49,0.112
120,51,0.12
120,52,0.162
120,53,0.165
120,54,0.218
120,55,0.192
120,56,0.181
120,57,0.12
120,58,0.167
120,59,0.17
120,60,0.149
120,61,0.166
120,62,0.16
120,63,0.165
120,64,0.149
120,65,0.139
120,66,0.144
120,67,0.139
120,68,0.123
120,69,0.101
120,70,0.109
121,43,0.0263
121,44,0.0197
121,45,0.0186
121,46,0.0174
121,47,0.0129
121,48,0.0155
121,49,0.0128
121,50,0.0085
121,51,0.0118
121,52,0.0054
121,53,0.0049
121,54,0.0068
121,55,0.0049
121,56,0.0048
121,57,0.0027
121,58,0.003
121,59,0.0045
121,60,0.0034
121,61,0.0031
121,62,0.0032
121,63,0.0025
121,64,0.0013
121,65,0.0017
121,66,0.0024
121,67,0.0018
121,68,0.0018
121,69,0.0019
121,70,0.001
123,48,0.617
123,49,0.616
123,50,0.541
123,51,0.633
123,52,0.633
123,53,0.501
123,54,0.501
123,55,0.469
123,56,0.469
123,57,0.528
123,58,0.528
123,59,0.57
123,60,0.604
123,61,0.631
123,62,0.633
123,63,0.645
123,64,0.617
123,66,0.591
123,67,0.534
123,68,0.531
123,69,0.547
124,53,0.0028
125,48,0.275
125,49,0.28
125,50,0.285
125,51,0.275
125,52,0.277
125,53,0.34
125,54,0.274
125,55,0.295
125,56,0.331
125,57,0.326
125,58,0.313
125,59,0.323
125,60,0.352
125,61,0.273
125,62,0.198
125,63,0.195
125,64,0.231
125,65,0.246
125,66,0.209
125,67,0.188
125,68,0.17
125,69,0.128
125,70,0.0996
126,35,0.0297
126,36,0.0336
126,37,0.0205
126,38,0.0285
126,39,0.0233
126,40,0.0383
126,41,0.047
126,42,0.0335
126,45,0.0217
126,46,0.0243
126,47,0.0159
126,48,0.0298
126,49,0.0283
126,50,0.0285
126,51,0.0285
126,52,0.0208
126,53,0.0179
126,54,0.0328
126,55,0.032
126,56,0.0397
126,57,0.0362
126,58,0.0551
126,59,0.0503
126,60,0.0398
126,61,0.0445
126,62,0.0743
126,63,0.068
126,64,0.0537
126,65,0.0717
126,66,0.0775
126,67,0.065
126,68,0.0607
126,69,0.0724
126,70,0.0657
128,43,0.0013
128,44,0.004
128,45,0.0099
128,46,0.0287
128,47,0.0433
128,49,0.0717
128,50,0.0813
128,51,0.0994
128,52,0.0907
128,54,0.103
128,55,0.0972
128,56,0.087
128,57,0.0925
128,58,0.0841
128,59,0.0936
128,60,0.0747
128,61,0.0901
128,62,0.0809
128,63,0.0759
128,64,0.0765
128,65,0.0634
128,66,0.0711
128,67,0.0556
128,68,0.115
128,69,0.098
128,70,0.108
129,43,0.092
129,44,0.0593
129,45,0.0728
129,46,0.0925
129,47,0.0831
129,48,0.0826
129,49,0.101
129,50,0.121
129,51,0.117
129,52,0.107
129,53,0.107
129,54,0.115
129,55,0.298
129,56,0.314
129,57,0.313
129,58,0.306
129,59,0.295
129,60,0.263
129,61,0.251
129,62,0.253
129,63,0.25
129,64,0.247
129,65,0.239
129,66,0.235
129,67,0.232
129,68,0.23
129,69,0.229
129,70,0.217
130,51,0.183
130,52,0.193
130,53,0.168
130,54,0.18
130,55,0.183
130,56,0.175
130,57,0.164
130,58,0.178
130,59,0.177
130,60,0.174
130,61,0.176
130,62,0.174
130,63,0.166
130,64,0.169
130,65,0.161
130,66,0.151
130,67,0.157
130,69,0.123
130,70,0.0964
131,45,0.0783
131,46,0.0838
131,47,0.0746
131,48,0.0769
131,49,0.0788
131,50,0.07
131,51,0.0625
131,52,0.0518
131,53,0.0664
131,54,0.0706
131,55,0.0715
131,56,0.0699
131,57,0.0715
131,58,0.0703
131,59,0.0624
131,60,0.0597
131,61,0.0586
131,62,0.0575
131,63,0.0559
131,64,0.0525
131,65,0.0496
131,66,0.0471
131,67,0.0447
131,68,0.042
131,69,0.0383
131,70,0.0377
132,39,0.0706
132,40,0.0648
132,41,0.0546
132,42,0.0472
132,43,0.0401
132,44,0.0587
132,45,0.0236
132,46,0.0245
132,47,0.0274
132,48,0.0259
132,49,0.0201
132,50,0.0193
132,51,0.0302
132,52,0.0275
132,53,0.0336
132,54,0.0366
132,55,0.0282
132,56,0.0216
132,57,0.0216
132,58,0.0205
132,59,0.0177
132,60,0.0146
132,61,0.0116
132,62,0.0111
132,63,0.0119
132,64,0.0079
132,65,0.0076
132,66,0.0075
132,67,0.006
132,68,0.0058
132,69,0.0065
132,70,0.0049
133,66,0
133,68,0.0002
133,69,0.0002
134,44,0.0563
134,45,0.22
134,46,0.229
134,47,0.242
134,48,0.237
134,49,0.256
134,50,0.278
134,51,0.286
134,52,0.308
134,53,0.311
134,54,0.31
134,55,0.236
134,56,0.251
134,57,0.221
134,58,0.212
134,59,0.199
134,60,0.199
134,61,0.189
134,62,0.192
134,63,0.202
134,64,0.195
134,65,0.194
134,66,0.188
134,67,0.183
134,68,0.149
134,69,0.133
134,70,0.127
135,45,0.0007
135,46,0.0012
135,47,0.001
135,48,0.0016
135,49,0.0012
135,50,0.0008
135,51,0.0007
135,52,0.0015
135,53,0.001
135,54,0.0006
135,55,0.0007
135,56,0.001
135,57,0.0007
135,58,0.0009
135,59,0.0007
135,60,0.0011
135,61,0.001
135,62,0.0032
135,63,0.0037
135,64,0.0028
135,65,0.0036
135,66,0.0036
135,67,0.004
135,68,0.0037
135,69,0.004
135,70,0.0038
136,49,0.3
136,55,0.191
136,65,0.124
136,67,0.437
136,70,0.0768
137,29,1
137,54,0.357
137,59,0.305
137,61,0.0432
137,65,0.0281
138,48,0.0059
138,49,0.0053
138,50,0.0035
138,51,0.0032
138,52,0.003
139,44,0.0069
139,56,0.091
139,57,0.091
139,58,0.091
139,59,0.0038
140,45,0.0029
140,67,0.0004
140,68,0.0003
141,44,0.324
141,54,0.247
141,64,0.301
141,68,0.286
142,57,0.127
142,58,0.139
142,59,0.116
142,60,0.119
142,61,0.156
142,62,0.146
142,63,0.132
142,64,0.127
142,65,0.122
142,66,0.13
142,67,0.134
142,68,0.13
142,69,0.129
142,70,0.0937
143,64,0.0022
143,67,0.0016
143,68,0.0029
143,69,0.0025
143,70,0.0014
144,57,0.216
144,67,0.0642
145,39,0.0357
145,40,0.0395
145,41,0.0334
145,42,0.0278
145,44,0.0208
145,45,0.0187
145,46,0.0186
145,47,0.0214
145,48,0.0183
145,49,0.0218
145,50,0.0218
145,51,0.0214
145,52,0.0218
145,53,0.0064
145,54,0.02
145,55,0.0162
145,56,0.0151
145,57,0.014
145,59,0.0109
145,60,0.0127
145,61,0.0106
145,62,0.0101
145,63,0.0079
145,64,0.0116
145,65,0.0096
145,66,0.008
145,67,0.0084
145,68,0.005
145,69,0.0072
145,70,0.007
146,47,0.0019
146,48,0.002
146,49,0.0018
146,50,0.0011
146,52,0.0021
146,53,0.0019
146,54,0.002
146,55,0.0017
146,56,0.0019
146,57,0.0025
146,58,0.0011
146,59,0.0006
146,60,0.0013
146,61,0.0018
146,62,0.0023
146,63,0.002
146,64,0.001
146,65,0.0009
146,66,0.001
146,67,0.0015
146,68,0.0026
146,69,0.0018
146,70,0.0008
147,46,0.0456
147,47,0.0756
147,48,0.066
147,49,0.056
147,50,0.0885
147,51,0.0837
147,52,0.0744
147,53,0.0661
147,54,0.0694
147,55,0.0613
147,56,0.0569
147,57,0.0689
147,58,0.0685
147,59,0.0711
147,60,0.0668
147,61,0.0542
147,62,0.0691
147,63,0.0618
147,64,0.0533
147,65,0.0514
147,66,0.0605
147,67,0.0801
147,68,0.0544
147,69,0.0305
147,70,0.0347
149,53,0.0198
149,54,0.0235
149,55,0.0187
149,56,0.0138
149,57,0.0128
149,58,0.01
149,59,0.0112
149,60,0.0068
149,61,0.0144
149,62,0.0145
149,63,0.0124
149,64,0.0113
149,65,0.0103
149,66,0.0098
149,67,0.0082
149,68,0.0082
149,69,0.0073
149,70,0.0074
150,23,0.504
150,24,0.505
150,25,0.517
150,26,0.496
150,27,0.491
150,28,0.479
150,29,0.445
150,30,0.419
150,31,0.393
150,32,0.37
150,33,0.374
150,34,0.382
150,35,0.364
150,36,0.339
150,37,0.325
150,38,0.306
150,39,0.292
150,40,0.274
150,41,0.273
150,42,0.256
150,43,0.244
150,44,0.227
150,45,0.219
150,46,0.231
150,47,0.222
150,48,0.211
150,49,0.204
150,50,0.196
150,51,0.222
150,52,0.201
150,53,0.193
150,54,0.181
150,55,0.171
150,56,0.166
150,57,0.147
150,58,0.14
150,59,0.134
150,60,0.127
150,61,0.124
150,62,0.118
150,63,0.108
150,64,0.106
150,65,0.104
150,66,0.1
150,67,0.097
150,68,0.0903
150,69,0.0866
150,70,0.0838
152,39,0.143
152,40,0.133
152,41,0.125
152,42,0.118
152,43,0.105
152,44,0.0958
152,45,0.0864
152,46,0.0836
152,47,0.0748
152,48,0.0645
152,49,0.0581
152,50,0.0517
152,51,0.0476
152,52,0.0413
152,53,0.0369
152,54,0.0333
152,55,0.0289
152,56,0.0268
152,57,0.0232
152,58,0.0231
152,59,0.0192
152,60,0.0155
152,61,0.0139
152,62,0.0116
152,63,0.0101
152,64,0.0097
152,65,0.0089
152,66,0.0079
152,67,0.0078
152,68,0.0071
152,69,0.0058
152,70,0.0055
153,46,0.187
153,47,0.188
153,48,0.191
153,49,0.189
153,50,0.183
153,51,0.27
153,52,0.248
153,53,0.265
153,54,0.213
153,55,0.23
153,56,0.213
153,57,0.198
153,58,0.182
153,59,0.217
153,60,0.217
153,61,0.224
153,62,0.223
153,63,0.224
153,64,0.233
153,65,0.194
153,66,0.205
153,67,0.206
153,70,0.177
154,44,0.0133
154,54,0.0081
155,46,0.0415
155,47,0.0259
155,48,0.0304
155,49,0.0217
155,50,0.0219
155,51,0.011
155,52,0.0157
155,53,0.0144
156,33,0.0098
156,44,0.0274
156,61,0.0053
158,48,0.0225
158,49,0.0258
158,50,0.0382
158,51,0.0163
158,68,0.0225
159,40,0.0068
159,41,0.0057
159,42,0.0052
159,43,0.0051
159,44,0.0047
159,45,0.0049
159,46,0.0057
159,47,0.0058
159,48,0.0063
159,49,0.0061
159,50,0.0053
159,51,0.0058
159,52,0.0069
159,53,0.0026
159,54,0.005
159,55,0.0045
159,56,0.0037
159,57,0.004
159,58,0.0032
159,59,0.0023
159,60,0.0028
159,61,0.0028
159,62,0.0024
159,63,0.0023
159,64,0.002
159,65,0.0026
159,66,0.0021
159,67,0.0023
159,68,0.0025
159,69,0.0027
159,70,0.0026
160,49,0.0463
160,50,0.0448
160,51,0.041
160,52,0.0406
160,53,0.0356
160,54,0.0343
160,55,0.0338
160,56,0.0309
160,57,0.0279
160,58,0.029
160,59,0.0323
160,60,0.0318
160,61,0.0256
160,62,0.0272
160,63,0.0248
160,64,0.0279
160,65,0.0267
160,66,0.0266
160,67,0.0261
160,68,0.0254
160,69,0.0246
160,70,0.0255
161,54,0.441
161,59,0.188
161,60,0.191
161,61,0.167
161,62,0.114
161,63,0.112
161,64,0.0817
162,56,0.335
162,62,0.0028
163,44,0.005
163,54,0.0238
163,59,0.13
163,64,0.429
163,66,0.384
163,67,0.503
164,40,0.546
164,41,0.581
164,42,0.585
164,43,0.561
164,44,0.532
164,45,0.535
164,46,0.496
164,47,0.486
164,48,0.465
164,49,0.444
164,50,0.451
164,51,0.436
164,52,0.403
164,53,0.398
164,54,0.359
164,55,0.374
164,56,0.352
164,57,0.314
164,58,0.308
164,59,0.305
164,60,0.299
164,61,0.311
164,62,0.285
164,63,0.29
164,64,0.32
164,65,0.322
164,66,0.228
164,67,0.253
164,68,0.237
164,69,0.228
165,63,0.324
165,66,0.238
167,56,0.194
168,40,0.0883
168,41,0.0859
168,42,0.0892
168,43,0.0655
168,44,0.0627
168,45,0.0618
168,46,0.0693
168,47,0.0676
168,48,0.0597
168,49,0.0427
168,50,0.0423
168,51,0.0403
168,52,0.0346
168,53,0.029
168,54,0.0218
168,55,0.0194
168,56,0.0197
168,57,0.0177
168,58,0.0174
168,62,0.0134
168,63,0.0138
168,64,0.0144
168,65,0.0099
168,66,0.0098
168,67,0.0067
168,68,0.0056
168,69,0.0079
169,42,0.218
169,47,0.0085
169,58,0.129
169,59,0.141
169,60,0.103
169,61,0.0724
169,62,0.0741
169,63,0.117
169,64,0.0799
169,65,0.0692
169,66,0.0629
170,53,0.521
170,54,0.533
170,55,0.496
170,56,0.49
170,57,0.498
170,58,0.417
170,59,0.354
170,60,0.347
170,61,0.345
170,62,0.348
170,63,0.352
170,64,0.354
170,65,0.336
170,66,0.314
170,67,0.294
170,68,0.282
170,69,0.264
170,70,0.259
172,55,0.0014
173,55,0.433
173,56,0.405
173,62,0.0468
173,65,0.196
173,66,0.302
173,70,0.133
174,48,0.0018
174,49,0.0018
174,50,0.0032
174,51,0.0024
174,52,0.0126
174,53,0.0147
174,54,0.0175
174,55,0.0229
174,56,0.0203
174,57,0.0056
174,58,0.0046
174,59,0.0034
174,60,0.0031
174,61,0.0034
174,62,0.0029
174,63,0.0036
174,64,0.0037
174,65,0.0031
174,66,0.0025
174,67,0.003
174,68,0.0027
174,69,0.0024
174,70,0.0026
175,58,0
175,61,0.0001
175,69,0.0002
176,45,0.011
176,46,0.0094
176,47,0.0084
176,48,0.0084
176,49,0.0072
176,50,0.0067
176,51,0.0061
176,52,0.0053
176,53,0.0058
176,54,0.0048
176,55,0.0051
176,56,0.0042
176,57,0.0045
176,58,0.0045
176,59,0.0044
176,60,0.0046
176,61,0.0047
176,62,0.0039
176,63,0.0041
176,64,0.0047
176,65,0.0046
176,66,0.0049
176,67,0.0043
176,68,0.0038
176,69,0.0042
176,70,0.0043
177,29,0.0179
177,30,0.0182
177,31,0.0167
177,32,0.0152
177,33,0.0132
177,34,0.0121
177,35,0.0119
177,36,0.0109
177,37,0.0094
177,38,0.008
177,39,0.0069
177,40,0.0063
177,41,0.0062
177,42,0.0062
177,43,0.005
177,44,0.0049
177,45,0.0049
177,46,0.0043
177,47,0.0021
177,48,0.0018
177,49,0.002
177,50,0.0019
177,51,0.0015
177,52,0.0014
177,53,0.0014
177,54,0.0014
177,55,0.0012
177,56,0.0013
177,57,0.0012
177,58,0.0012
177,59,0.0011
177,60,0.0013
177,61,0.0011
177,62,0.0008
177,63,0.001
177,64,0.001
177,65,0.0009
177,66,0.0008
177,67,0.0008
177,68,0.0009
177,69,0.0007
177,70,0.0007
178,51,0.0257
178,52,0.0253
178,53,0.0233
178,54,0.0242
178,55,0.0139
178,56,0.0201
178,57,0.0272
178,58,0.0216
178,59,0.0341
178,60,0.0296
178,61,0.0244
178,62,0.0282
178,63,0.0201
178,64,0.0205
178,65,0.0188
178,66,0.0179
178,67,0.0142
178,68,0.0135
178,69,0.0134
178,70,0.0102
180,62,0.0921
181,47,0.0124
181,48,0.014
181,49,0.0119
181,50,0.0094
181,51,0.0159
181,52,0.0245
181,53,0.0228
181,54,0.0327
181,55,0.0379
181,56,0.039
181,57,0.0288
181,58,0.0367
181,59,0.0253
181,60,0.018
181,61,0.02
181,62,0.0184
181,63,0.0144
181,64,0.0168
181,65,0.0173
181,66,0.0093
182,49,0.615
182,50,0.559
182,51,0.532
182,52,0.541
182,53,0.531
182,54,0.529
182,55,0.526
182,56,0.503
182,57,0.472
182,60,0.139
182,62,0.222
182,63,0.262
182,64,0.248
182,65,0.231
182,66,0.226
182,67,0.265
182,68,0.233
182,69,0.221
182,70,0.214
183,52,0.0035
183,67,0.385
184,43,0.559
184,44,0.456
184,49,0.432
184,51,0.394
184,53,0.618
184,65,0.52
185,47,0.205
185,50,0.159
185,52,0.161
185,55,0.136
185,64,0.0117
185,65,0.112
185,67,0.018
