0,23,
0,24,
0,25,
0,26,
0,27,
0,28,
0,29,
0,30,
0,31,
0,32,
0,33,
0,34,
0,35,
0,36,
0,37,
0,38,
0,39,
0,40,
0,41,
0,42,
0,43,
0,44,
0,45,
0,46,
0,47,
0,48,
0,49,
0,50,
0,51,
0,52,
0,53,
0,54,
0,55,
0,56,
0,57,
0,58,
0,59,
0,60,
0,61,0.124
0,62,
0,63,
0,64,
0,65,0.166
0,66,
0,67,
0,68,
0,69,
0,70,
1,23,
1,24,
1,25,
1,26,
1,27,
1,28,
1,29,
1,30,
1,31,
1,32,
1,33,
1,34,
1,35,
1,36,
1,37,
1,38,
1,39,
1,40,
1,41,
1,42,
1,43,
1,44,
1,45,
1,46,
1,47,0.11
1,48,0.102
1,49,0.0959
1,50,0.093
1,51,0.0876
1,52,0.0873
1,53,0.0665
1,54,0.0649
1,55,0.137
1,56,0.134
1,57,0.136
1,58,0.135
1,59,0.135
1,60,0.226
1,61,0.178
1,62,0.199
1,63,0.206
1,64,0.189
1,65,0.173
1,66,0.168
1,67,0.174
1,68,0.186
1,69,
1,70,0.194
2,23,
2,24,
2,25,
2,26,
2,27,
2,28,
2,29,
2,30,
2,31,
2,32,
2,33,
2,34,
2,35,
2,36,
2,37,
2,38,
2,39,
2,40,
2,41,
2,42,
2,43,
2,44,
2,45,
2,46,
2,47,
2,48,
2,49,
2,50,
2,51,
2,52,
2,53,
2,54,0.243
2,55,
2,56,0.24
2,57,0.26
2,58,
2,59,
2,60,
2,61,
2,62,
2,63,
2,64,0.309
2,65,
2,66,0.296
2,67,0.304
2,68,0.298
2,69,0.303
2,70,0.309
3,23,
3,24,
3,25,
3,26,
3,27,
3,28,
3,29,
3,30,
3,31,
3,32,
3,33,
3,34,
3,35,
3,36,
3,37,
3,38,
3,39,
3,40,
3,41,
3,42,
3,43,
3,44,
3,45,0.206
3,46,
3,47,
3,48,
3,49,
3,50,
3,51,
3,52,
3,53,
3,54,
3,55,
3,56,
3,57,0.091
3,58,
3,59,
3,60,
3,61,
3,62,
3,63,0.0301
3,64,0.0278
3,65,
3,66,
3,67,0.0613
3,68,
3,69,
3,70,
4,23,
4,24,
4,25,
4,26,0.194
4,27,0.212
4,28,0.211
4,29,0.19
4,30,
4,31,
4,32,
4,33,
4,34,
4,35,
4,36,
4,37,
4,38,
4,39,
4,40,
4,41,
4,42,
4,43,
4,44,
4,45,
4,46,
4,47,
4,48,
4,49,
4,50,
4,51,
4,52,
4,53,
4,54,
4,55,0.156
4,56,0.156
4,57,0.156
4,58,0.156
4,59,0.156
4,60,0.156
4,61,0.156
4,62,
4,63,
4,64,
4,65,
4,66,
4,67,
4,68,
4,69,
4,70,
5,23,
5,24,
5,25,
5,26,
5,27,
5,28,
5,29,
5,30,
5,31,
5,32,
5,33,
5,34,
5,35,0.293
5,36,0.292
5,37,0.309
5,38,
5,39,
5,40,
5,41,
5,42,
5,43,0.316
5,44,0.326
5,45,0.321
5,46,0.295
5,47,0.285
5,48,0.27
5,49,0.249
5,50,0.254
5,51,0.248
5,52,0.236
5,53,0.227
5,54,0.219
5,55,0.202
5,56,0.216
5,57,0.226
5,58,0.232
5,59,0.236
5,60,
5,61,0.239
5,62,0.231
5,63,0.239
5,64,0.249
5,65,0.239
5,66,0.241
5,67,0.246
5,68,
5,69,
5,70,0.224
6,23,
6,24,
6,25,
6,26,
6,27,
6,28,
6,29,
6,30,
6,31,
6,32,
6,33,
6,34,
6,35,
6,36,
6,37,
6,38,
6,39,
6,40,
6,41,
6,42,
6,43,
6,44,
6,45,
6,46,
6,47,
6,48,
6,49,
6,50,
6,51,
6,52,
6,53,
6,54,
6,55,0.17
6,56,
6,57,
6,58,
6,59,
6,60,0.19
6,61,0.168
6,62,0.171
6,63,0.174
6,64,0.167
6,65,0.177
6,66,0.17
6,67,0.167
6,68,0.159
6,69,0.158
6,70,
7,23,0.364
7,24,0.368
7,25,0.352
7,26,0.355
7,27,0.352
7,28,0.335
7,29,0.332
7,30,0.324
7,31,0.312
7,32,0.312
7,33,0.31
7,34,0.305
7,35,0.297
7,36,0.284
7,37,0.28
7,38,0.27
7,39,0.263
7,40,0.258
7,41,0.256
7,42,0.259
7,43,0.251
7,44,0.238
7,45,0.236
7,46,0.236
7,47,0.235
7,48,0.229
7,49,0.225
7,50,0.221
7,51,0.218
7,52,0.214
7,53,0.216
7,54,0.207
7,55,0.209
7,56,0.209
7,57,0.212
7,58,0.211
7,59,0.214
7,60,0.214
7,61,0.216
7,62,0.211
7,63,0.21
7,64,0.208
7,65,0.207
7,66,0.204
7,67,0.21
7,68,0.201
7,69,0.201
7,70,0.194
8,23,
8,24,
8,25,
8,26,
8,27,
8,28,
8,29,
8,30,
8,31,
8,32,
8,33,
8,34,
8,35,
8,36,0.388
8,37,0.381
8,38,0.381
8,39,0.378
8,40,0.377
8,41,0.373
8,42,0.37
8,43,0.368
8,44,0.369
8,45,0.355
8,46,0.351
8,47,0.325
8,48,0.321
8,49,0.303
8,50,0.296
8,51,0.296
8,52,0.298
8,53,0.3
8,54,0.294
8,55,0.289
8,56,0.289
8,57,0.267
8,58,0.276
8,59,0.282
8,60,0.273
8,61,0.262
8,62,0.25
8,63,0.249
8,64,0.26
8,65,0.261
8,66,0.259
8,67,0.258
8,68,0.258
8,69,0.256
8,70,0.249
9,23,
9,24,
9,25,
9,26,
9,27,
9,28,
9,29,
9,30,
9,31,
9,32,
9,33,
9,34,
9,35,
9,36,0.291
9,37,0.291
9,38,0.293
9,39,0.293
9,40,0.291
9,41,0.293
9,42,0.29
9,43,0.229
9,44,0.223
9,45,0.203
9,46,0.192
9,47,0.188
9,48,0.178
9,49,0.151
9,50,0.14
9,51,0.111
9,52,0.112
9,53,0.109
9,54,0.108
9,55,0.115
9,56,0.129
9,57,0.119
9,58,0.121
9,59,0.123
9,60,0.126
9,61,0.121
9,62,0.127
9,63,0.137
9,64,0.141
9,65,0.143
9,66,0.144
9,67,0.143
9,68,0.141
9,69,0.143
9,70,0.144
10,23,
10,24,
10,25,
10,26,0.165
10,27,
10,28,0.0921
10,29,
10,30,0.118
10,31,
10,32,0.16
10,33,
10,34,
10,35,
10,36,
10,37,
10,38,
10,39,0.153
10,40,
10,41,
10,42,0.142
10,43,
10,44,0.152
10,45,0.153
10,46,0.121
10,47,0.129
10,48,0.142
10,49,0.147
10,50,0.146
10,51,0.152
10,52,0.166
10,53,
10,54,0.17
10,55,0.166
10,56,0.158
10,57,0.161
10,58,0.178
10,59,0.184
10,60,0.179
10,61,0.162
10,62,0.16
10,63,
10,64,0.129
10,65,
10,66,
10,67,
10,68,
10,69,
10,70,
11,23,
11,24,
11,25,
11,26,
11,27,
11,28,
11,29,
11,30,
11,31,
11,32,0.392
11,33,
11,34,0.347
11,35,0.342
11,36,
11,37,
11,38,
11,39,
11,40,
11,41,
11,42,
11,43,
11,44,0.282
11,45,
11,46,
11,47,
11,48,
11,49,
11,50,
11,51,
11,52,
11,53,
11,54,0.28
11,55,
11,56,
11,57,
11,58,
11,59,
11,60,
11,61,
11,62,
11,63,0.353
11,64,
11,65,
11,66,
11,67,
11,68,0.347
11,69,
11,70,
12,23,
12,24,
12,25,
12,26,
12,27,
12,28,
12,29,
12,30,
12,31,
12,32,
12,33,
12,34,
12,35,
12,36,
12,37,0.11
12,38,0.115
12,39,0.125
12,40,
12,41,
12,42,0.154
12,43,
12,44,0.13
12,45,
12,46,
12,47,
12,48,
12,49,0.0957
12,50,
12,51,
12,52,
12,53,0.103
12,54,
12,55,
12,56,0.137
12,57,
12,58,0.145
12,59,0.145
12,60,
12,61,
12,62,
12,63,0.176
12,64,
12,65,
12,66,0.208
12,67,
12,68,
12,69,0.205
12,70,0.204
13,23,
13,24,
13,25,
13,26,
13,27,
13,28,
13,29,0.255
13,30,0.261
13,31,0.222
13,32,
13,33,
13,34,0.216
13,35,0.236
13,36,0.234
13,37,0.228
13,38,0.232
13,39,0.223
13,40,0.224
13,41,0.227
13,42,0.232
13,43,0.219
13,44,0.201
13,45,0.197
13,46,0.191
13,47,0.189
13,48,0.196
13,49,0.186
13,50,0.192
13,51,0.209
13,52,0.214
13,53,0.204
13,54,0.196
13,55,0.187
13,56,0.176
13,57,
13,58,
13,59,
13,60,
13,61,
13,62,
13,63,0.196
13,64,0.203
13,65,0.194
13,66,0.19
13,67,0.192
13,68,0.193
13,69,0.193
13,70,
14,23,
14,24,
14,25,
14,26,
14,27,
14,28,
14,29,
14,30,
14,31,
14,32,
14,33,
14,34,
14,35,
14,36,
14,37,
14,38,
14,39,
14,40,0.369
14,41,0.377
14,42,0.385
14,43,0.385
14,44,0.373
14,45,0.369
14,46,0.362
14,47,0.349
14,48,
14,49,
14,50,
14,51,
14,52,
14,53,
14,54,
14,55,
14,56,
14,57,
14,58,
14,59,
14,60,
14,61,
14,62,
14,63,
14,64,
14,65,
14,66,
14,67,
14,68,0.311
14,69,0.315
14,70,0.308
15,23,0.422
15,24,0.419
15,25,0.411
15,26,0.409
15,27,0.406
15,28,0.393
15,29,0.383
15,30,0.374
15,31,0.361
15,32,0.35
15,33,0.343
15,34,0.329
15,35,0.318
15,36,0.335
15,37,0.326
15,38,0.319
15,39,0.32
15,40,0.316
15,41,0.314
15,42,0.314
15,43,0.307
15,44,0.305
15,45,0.306
15,46,0.295
15,47,0.289
15,48,0.283
15,49,0.276
15,50,0.276
15,51,0.273
15,52,0.258
15,53,0.258
15,54,0.255
15,55,0.258
15,56,0.249
15,57,0.249
15,58,0.247
15,59,0.247
15,60,0.244
15,61,0.247
15,62,0.235
15,63,0.234
15,64,0.232
15,65,0.218
15,66,0.217
15,67,0.214
15,68,0.214
15,69,0.213
15,70,0.208
16,23,
16,24,
16,25,
16,26,
16,27,
16,28,
16,29,
16,30,
16,31,
16,32,
16,33,
16,34,
16,35,
16,36,
16,37,
16,38,
16,39,
16,40,
16,41,
16,42,
16,43,
16,44,
16,45,
16,46,0.202
16,47,0.193
16,48,0.178
16,49,0.17
16,50,0.182
16,51,0.18
16,52,0.17
16,53,
16,54,
16,55,
16,56,
16,57,
16,58,0.179
16,59,
16,60,
16,61,
16,62,
16,63,
16,64,
16,65,0.14
16,66,0.136
16,67,0.0839
16,68,0.159
16,69,0.15
16,70,
17,23,
17,24,
17,25,
17,26,
17,27,
17,28,
17,29,
17,30,
17,31,
17,32,
17,33,
17,34,
17,35,
17,36,
17,37,
17,38,
17,39,
17,40,
17,41,
17,42,
17,43,
17,44,
17,45,
17,46,
17,47,
17,48,
17,49,
17,50,
17,51,
17,52,
17,53,
17,54,
17,55,
17,56,
17,57,
17,58,
17,59,
17,60,
17,61,
17,62,
17,63,0.104
17,64,0.186
17,65,
17,66,
17,67,
17,68,
17,69,
17,70,
18,23,
18,24,
18,25,
18,26,
18,27,
18,28,
18,29,
18,30,
18,31,
18,32,
18,33,
18,34,
18,35,
18,36,
18,37,
18,38,
18,39,
18,40,
18,41,
18,42,
18,43,
18,44,
18,45,
18,46,
18,47,
18,48,
18,49,
18,50,
18,51,
18,52,
18,53,
18,54,
18,55,
18,56,
18,57,
18,58,0.172
18,59,0.0758
18,60,
18,61,
18,62,0.0643
18,63,0.0663
18,64,0.0921
18,65,0.0865
18,66,0.11
18,67,0.108
18,68,0.0966
18,69,
18,70,
19,23,
19,24,
19,25,
19,26,
19,27,
19,28,
19,29,0.202
19,30,0.203
19,31,0.206
19,32,0.207
19,33,0.206
19,34,0.197
19,35,0.173
19,36,0.174
19,37,0.168
19,38,0.16
19,39,0.127
19,40,0.128
19,41,0.128
19,42,0.128
19,43,0.128
19,44,0.294
19,45,0.314
19,46,0.282
19,47,0.296
19,48,0.288
19,49,0.283
19,50,0.297
19,51,
19,52,0.189
19,53,0.186
19,54,0.157
19,55,0.178
19,56,0.205
19,57,0.205
19,58,0.194
19,59,0.175
19,60,0.197
19,61,0.201
19,62,0.207
19,63,
19,64,0.209
19,65,0.206
19,66,0.198
19,67,0.206
19,68,0.225
19,69,0.21
19,70,0.216
20,23,
20,24,
20,25,
20,26,
20,27,
20,28,
20,29,
20,30,
20,31,
20,32,
20,33,
20,34,
20,35,
20,36,
20,37,
20,38,
20,39,
20,40,
20,41,
20,42,
20,43,
20,44,
20,45,
20,46,
20,47,
20,48,
20,49,
20,50,
20,51,
20,52,
20,53,
20,54,
20,55,
20,56,
20,57,
20,58,
20,59,0.308
20,60,0.326
20,61,0.325
20,62,0.315
20,63,0.309
20,64,0.289
20,65,0.304
20,66,
20,67,0.3
20,68,0.0745
20,69,
20,70,0.238
21,23,
21,24,
21,25,
21,26,
21,27,
21,28,
21,29,
21,30,
21,31,
21,32,
21,33,
21,34,
21,35,
21,36,
21,37,
21,38,0.106
21,39,
21,40,
21,41,
21,42,
21,43,
21,44,
21,45,
21,46,
21,47,
21,48,
21,49,0.256
21,50,
21,51,0.219
21,52,
21,53,0.209
21,54,0.255
21,55,
21,56,0.226
21,57,
21,58,
21,59,0.152
21,60,
21,61,
21,62,0.181
21,63,0.175
21,64,
21,65,
21,66,
21,67,
21,68,
21,69,
21,70,
22,23,
22,24,
22,25,
22,26,
22,27,
22,28,
22,29,
22,30,
22,31,
22,32,
22,33,
22,34,0.247
22,35,0.234
22,36,0.254
22,37,0.218
22,38,0.221
22,39,0.242
22,40,0.238
22,41,0.233
22,42,0.237
22,43,0.227
22,44,
22,45,0.204
22,46,0.207
22,47,
22,48,0.221
22,49,0.222
22,50,0.222
22,51,0.221
22,52,0.214
22,53,
22,54,0.209
22,55,0.214
22,56,0.209
22,57,0.21
22,58,0.214
22,59,0.213
22,60,0.219
22,61,0.227
22,62,0.221
22,63,
22,64,0.218
22,65,0.23
22,66,0.229
22,67,0.229
22,68,0.222
22,69,0.209
22,70,0.204
23,23,
23,24,
23,25,
23,26,
23,27,
23,28,
23,29,
23,30,
23,31,
23,32,
23,33,
23,34,
23,35,
23,36,
23,37,
23,38,
23,39,
23,40,
23,41,
23,42,
23,43,
23,44,0.241
23,45,
23,46,
23,47,
23,48,
23,49,
23,50,
23,51,
23,52,
23,53,
23,54,0.214
23,55,
23,56,
23,57,
23,58,
23,59,
23,60,
23,61,
23,62,
23,63,
23,64,
23,65,
23,66,
23,67,0.179
23,68,
23,69,
23,70,0.161
24,23,
24,24,
24,25,
24,26,
24,27,
24,28,
24,29,
24,30,
24,31,
24,32,0.425
24,33,0.427
24,34,0.432
24,35,0.438
24,36,0.444
24,37,0.448
24,38,0.45
24,39,0.454
24,40,0.458
24,41,0.457
24,42,0.453
24,43,0.442
24,44,0.411
24,45,0.385
24,46,0.366
24,47,0.348
24,48,0.335
24,49,0.326
24,50,0.32
24,51,0.306
24,52,0.289
24,53,0.327
24,54,0.327
24,55,0.326
24,56,0.321
24,57,0.329
24,58,0.342
24,59,0.345
24,60,0.355
24,61,0.364
24,62,0.352
24,63,0.33
24,64,0.314
24,65,0.313
24,66,0.302
24,67,0.301
24,68,0.299
24,69,0.298
24,70,0.299
25,23,
25,24,
25,25,
25,26,
25,27,
25,28,
25,29,
25,30,
25,31,
25,32,
25,33,
25,34,
25,35,
25,36,
25,37,
25,38,
25,39,
25,40,
25,41,
25,42,
25,43,
25,44,
25,45,
25,46,
25,47,0.0332
25,48,
25,49,
25,50,
25,51,
25,52,
25,53,
25,54,
25,55,
25,56,
25,57,
25,58,
25,59,0.0534
25,60,
25,61,
25,62,
25,63,
25,64,
25,65,
25,66,
25,67,0.314
25,68,
25,69,
25,70,
26,23,
26,24,
26,25,
26,26,
26,27,
26,28,
26,29,
26,30,
26,31,
26,32,
26,33,
26,34,
26,35,
26,36,
26,37,
26,38,
26,39,
26,40,
26,41,
26,42,
26,43,
26,44,
26,45,
26,46,
26,47,
26,48,
26,49,
26,50,
26,51,0.022
26,52,
26,53,
26,54,
26,55,
26,56,
26,57,
26,58,
26,59,
26,60,
26,61,
26,62,
26,63,
26,64,
26,65,
26,66,
26,67,
26,68,
26,69,
26,70,
27,23,
27,24,
27,25,
27,26,
27,27,
27,28,
27,29,
27,30,
27,31,
27,32,
27,33,
27,34,
27,35,
27,36,
27,37,
27,38,
27,39,
27,40,
27,41,
27,42,
27,43,
27,44,
27,45,
27,46,
27,47,
27,48,
27,49,
27,50,0.0462
27,51,0.0423
27,52,
27,53,0.0842
27,54,0.105
27,55,
27,56,
27,57,0.0353
27,58,
27,59,
27,60,
27,61,0.0858
27,62,
27,63,0.162
27,64,
27,65,0.252
27,66,
27,67,
27,68,
27,69,
27,70,
28,23,
28,24,
28,25,
28,26,
28,27,
28,28,
28,29,
28,30,
28,31,
28,32,
28,33,
28,34,
28,35,
28,36,
28,37,
28,38,
28,39,0.0683
28,40,
28,41,
28,42,
28,43,
28,44,
28,45,
28,46,
28,47,
28,48,
28,49,
28,50,
28,51,
28,52,
28,53,
28,54,0.0912
28,55,
28,56,
28,57,
28,58,
28,59,
28,60,0.11
28,61,
28,62,
28,63,
28,64,
28,65,
28,66,
28,67,0.141
28,68,
28,69,
28,70,
29,23,0.315
29,24,0.31
29,25,0.309
29,26,0.312
29,27,0.311
29,28,0.293
29,29,
29,30,
29,31,
29,32,
29,33,
29,34,
29,35,
29,36,
29,37,
29,38,
29,39,
29,40,0.257
29,41,0.259
29,42,0.26
29,43,0.253
29,44,0.239
29,45,0.232
29,46,0.225
29,47,0.227
29,48,0.229
29,49,0.228
29,50,0.231
29,51,0.231
29,52,0.231
29,53,0.233
29,54,0.231
29,55,0.232
29,56,0.23
29,57,0.231
29,58,0.227
29,59,0.221
29,60,0.217
29,61,0.215
29,62,0.203
29,63,0.201
29,64,0.203
29,65,0.205
29,66,0.203
29,67,0.202
29,68,0.199
29,69,0.195
29,70,0.195
30,23,
30,24,
30,25,
30,26,
30,27,
30,28,
30,29,
30,30,
30,31,
30,32,
30,33,
30,34,
30,35,
30,36,
30,37,
30,38,
30,39,
30,40,
30,41,
30,42,
30,43,
30,44,
30,45,
30,46,
30,47,
30,48,
30,49,
30,50,
30,51,
30,52,
30,53,
30,54,
30,55,
30,56,
30,57,
30,58,
30,59,
30,60,
30,61,
30,62,
30,63,
30,64,
30,65,
30,66,
30,67,
30,68,0.16
30,69,
30,70,0.219
31,23,
31,24,
31,25,
31,26,
31,27,
31,28,
31,29,
31,30,
31,31,
31,32,
31,33,
31,34,
31,35,
31,36,
31,37,
31,38,
31,39,
31,40,
31,41,
31,42,
31,43,
31,44,
31,45,
31,46,0.0205
31,47,
31,48,
31,49,
31,50,
31,51,
31,52,
31,53,
31,54,
31,55,
31,56,
31,57,
31,58,
31,59,
31,60,
31,61,
31,62,
31,63,
31,64,
31,65,
31,66,
31,67,
31,68,
31,69,
31,70,
32,23,
32,24,
32,25,
32,26,
32,27,
32,28,0.251
32,29,0.242
32,30,0.241
32,31,0.236
32,32,0.241
32,33,0.237
32,34,0.237
32,35,0.182
32,36,0.181
32,37,0.202
32,38,0.202
32,39,0.212
32,40,0.23
32,41,0.249
32,42,0.265
32,43,0.253
32,44,0.263
32,45,0.265
32,46,0.272
32,47,0.261
32,48,0.261
32,49,0.266
32,50,0.273
32,51,0.255
32,52,0.234
32,53,0.234
32,54,0.239
32,55,0.239
32,56,0.234
32,57,0.236
32,58,0.229
32,59,0.233
32,60,0.234
32,61,0.235
32,62,0.542
32,63,0.23
32,64,0.234
32,65,0.238
32,66,0.239
32,67,0.235
32,68,0.233
32,69,0.23
32,70,0.227
33,23,0.102
33,24,
33,25,
33,26,
33,27,
33,28,0.135
33,29,
33,30,
33,31,0.173
33,32,0.176
33,33,0.182
33,34,0.183
33,35,0.184
33,36,0.187
33,37,0.199
33,38,0.208
33,39,0.219
33,40,0.222
33,41,0.224
33,42,0.216
33,43,0.214
33,44,0.214
33,45,0.217
33,46,0.224
33,47,0.227
33,48,0.23
33,49,0.235
33,50,0.237
33,51,0.235
33,52,0.23
33,53,0.225
33,54,0.223
33,55,0.214
33,56,0.216
33,57,0.225
33,58,0.238
33,59,0.252
33,60,0.268
33,61,0.272
33,62,0.278
33,63,0.287
33,64,0.295
33,65,0.303
33,66,0.301
33,67,0.299
33,68,0.293
33,69,0.288
33,70,0.281
34,23,
34,24,
34,25,
34,26,
34,27,
34,28,0.316
34,29,0.329
34,30,0.325
34,31,0.336
34,32,0.329
34,33,0.34
34,34,
34,35,
34,36,
34,37,
34,38,0.293
34,39,0.29
34,40,0.3
34,41,0.3
34,42,0.299
34,43,0.309
34,44,0.306
34,45,0.309
34,46,0.165
34,47,0.314
34,48,0.315
34,49,0.298
34,50,0.276
34,51,0.265
34,52,0.241
34,53,0.255
34,54,0.184
34,55,
34,56,
34,57,
34,58,
34,59,
34,60,
34,61,
34,62,0.198
34,63,0.2
34,64,0.207
34,65,0.207
34,66,0.196
34,67,0.198
34,68,0.198
34,69,0.194
34,70,0.194
35,23,
35,24,
35,25,
35,26,
35,27,
35,28,
35,29,
35,30,
35,31,
35,32,
35,33,
35,34,
35,35,
35,36,
35,37,
35,38,
35,39,
35,40,
35,41,
35,42,
35,43,
35,44,
35,45,
35,46,
35,47,
35,48,
35,49,
35,50,
35,51,
35,52,
35,53,
35,54,
35,55,
35,56,
35,57,0.129
35,58,
35,59,
35,60,
35,61,
35,62,
35,63,
35,64,
35,65,
35,66,
35,67,
35,68,
35,69,
35,70,
36,23,
36,24,
36,25,
36,26,
36,27,
36,28,
36,29,
36,30,
36,31,
36,32,
36,33,
36,34,
36,35,
36,36,
36,37,
36,38,
36,39,
36,40,
36,41,
36,42,
36,43,
36,44,
36,45,
36,46,
36,47,
36,48,
36,49,
36,50,
36,51,
36,52,
36,53,
36,54,
36,55,
36,56,
36,57,
36,58,0.0817
36,59,
36,60,
36,61,
36,62,
36,63,
36,64,
36,65,
36,66,
36,67,
36,68,
36,69,
36,70,
37,23,
37,24,
37,25,
37,26,
37,27,
37,28,
37,29,
37,30,
37,31,
37,32,
37,33,
37,34,
37,35,
37,36,
37,37,
37,38,
37,39,
37,40,
37,41,
37,42,
37,43,
37,44,
37,45,
37,46,
37,47,
37,48,
37,49,
37,50,
37,51,
37,52,
37,53,
37,54,
37,55,
37,56,
37,57,
37,58,0.206
37,59,
37,60,
37,61,
37,62,
37,63,
37,64,
37,65,
37,66,
37,67,
37,68,
37,69,
37,70,
38,23,
38,24,
38,25,
38,26,
38,27,
38,28,
38,29,
38,30,
38,31,
38,32,
38,33,0.24
38,34,0.221
38,35,0.209
38,36,0.217
38,37,0.207
38,38,0.21
38,39,0.229
38,40,0.247
38,41,0.24
38,42,0.262
38,43,0.259
38,44,0.263
38,45,0.262
38,46,0.257
38,47,0.261
38,48,0.241
38,49,0.233
38,50,0.236
38,51,0.23
38,52,0.232
38,53,0.223
38,54,0.233
38,55,0.225
38,56,0.222
38,57,0.22
38,58,0.216
38,59,0.217
38,60,0.222
38,61,0.216
38,62,
38,63,0.194
38,64,0.191
38,65,0.181
38,66,0.164
38,67,0.176
38,68,0.191
38,69,0.186
38,70,0.183
39,23,
39,24,
39,25,
39,26,
39,27,
39,28,
39,29,
39,30,
39,31,
39,32,
39,33,
39,34,
39,35,
39,36,
39,37,
39,38,
39,39,
39,40,
39,41,
39,42,
39,43,
39,44,
39,45,
39,46,
39,47,
39,48,
39,49,
39,50,
39,51,
39,52,
39,53,
39,54,
39,55,
39,56,
39,57,
39,58,
39,59,
39,60,
39,61,
39,62,
39,63,
39,64,
39,65,0.0751
39,66,0.118
39,67,
39,68,
39,69,0.0621
39,70,
40,23,
40,24,
40,25,
40,26,
40,27,
40,28,
40,29,
40,30,
40,31,
40,32,
40,33,
40,34,
40,35,
40,36,
40,37,
40,38,
40,39,
40,40,
40,41,
40,42,
40,43,
40,44,
40,45,
40,46,
40,47,
40,48,
40,49,0.291
40,50,0.295
40,51,
40,52,
40,53,
40,54,0.264
40,55,0.298
40,56,0.302
40,57,0.296
40,58,0.286
40,59,0.293
40,60,0.306
40,61,0.308
40,62,0.29
40,63,0.274
40,64,0.279
40,65,0.279
40,66,0.276
40,67,0.269
40,68,0.267
40,69,0.269
40,70,0.264
41,23,
41,24,
41,25,
41,26,
41,27,
41,28,
41,29,
41,30,
41,31,
41,32,
41,33,
41,34,
41,35,
41,36,
41,37,
41,38,
41,39,
41,40,
41,41,
41,42,
41,43,
41,44,0.293
41,45,0.289
41,46,0.275
41,47,0.256
41,48,0.229
41,49,0.229
41,50,0.229
41,51,0.213
41,52,0.191
41,53,0.191
41,54,0.202
41,55,0.202
41,56,0.202
41,57,0.194
41,58,0.191
41,59,0.181
41,60,0.18
41,61,0.181
41,62,0.175
41,63,0.17
41,64,0.171
41,65,0.192
41,66,0.172
41,67,0.169
41,68,
41,69,
41,70,
42,23,
42,24,
42,25,
42,26,
42,27,
42,28,
42,29,0.281
42,30,0.311
42,31,0.328
42,32,0.335
42,33,0.338
42,34,0.331
42,35,0.325
42,36,0.318
42,37,0.316
42,38,0.31
42,39,0.303
42,40,0.298
42,41,0.296
42,42,0.29
42,43,0.286
42,44,0.289
42,45,0.281
42,46,0.268
42,47,0.259
42,48,0.253
42,49,
42,50,
42,51,
42,52,
42,53,0.238
42,54,0.237
42,55,0.232
42,56,0.229
42,57,0.234
42,58,0.241
42,59,0.226
42,60,0.225
42,61,0.231
42,62,0.218
42,63,0.204
42,64,0.209
42,65,0.202
42,66,0.176
42,67,0.165
42,68,0.162
42,69,0.171
42,70,0.171
43,23,
43,24,
43,25,
43,26,
43,27,
43,28,
43,29,
43,30,
43,31,
43,32,
43,33,
43,34,
43,35,
43,36,
43,37,
43,38,
43,39,
43,40,
43,41,
43,42,
43,43,
43,44,
43,45,
43,46,0.435
43,47,0.427
43,48,0.422
43,49,0.42
43,50,0.415
43,51,0.415
43,52,0.405
43,53,0.399
43,54,0.405
43,55,0.401
43,56,0.399
43,57,0.393
43,58,0.395
43,59,0.4
43,60,0.402
43,61,0.405
43,62,0.386
43,63,0.38
43,64,0.385
43,65,0.381
43,66,0.375
43,67,0.38
43,68,0.38
43,69,0.381
43,70,0.38
44,23,
44,24,
44,25,0.342
44,26,0.338
44,27,0.323
44,28,0.315
44,29,0.313
44,30,0.304
44,31,0.303
44,32,0.325
44,33,
44,34,0.294
44,35,
44,36,0.276
44,37,0.266
44,38,0.278
44,39,0.279
44,40,0.278
44,41,0.269
44,42,0.272
44,43,0.273
44,44,0.274
44,45,0.27
44,46,0.26
44,47,0.264
44,48,0.27
44,49,0.264
44,50,0.261
44,51,0.264
44,52,0.268
44,53,0.253
44,54,0.253
44,55,0.234
44,56,0.231
44,57,0.236
44,58,0.239
44,59,0.233
44,60,0.235
44,61,0.231
44,62,0.203
44,63,0.196
44,64,0.199
44,65,0.197
44,66,0.194
44,67,0.192
44,68,0.192
44,69,0.185
44,70,0.186
45,23,
45,24,
45,25,
45,26,
45,27,
45,28,
45,29,
45,30,
45,31,
45,32,
45,33,
45,34,
45,35,
45,36,
45,37,
45,38,
45,39,
45,40,
45,41,
45,42,0.326
45,43,
45,44,0.216
45,45,
45,46,
45,47,
45,48,
45,49,
45,50,0.182
45,51,
45,52,0.175
45,53,
45,54,0.199
45,55,
45,56,
45,57,
45,58,
45,59,
45,60,
45,61,
45,62,
45,63,
45,64,
45,65,
45,66,
45,67,
45,68,
45,69,
45,70,
46,23,
46,24,
46,25,
46,26,
46,27,
46,28,
46,29,0.262
46,30,
46,31,0.274
46,32,
46,33,
46,34,
46,35,
46,36,
46,37,
46,38,
46,39,
46,40,
46,41,
46,42,
46,43,
46,44,
46,45,
46,46,
46,47,
46,48,
46,49,0.26
46,50,0.255
46,51,0.261
46,52,0.253
46,53,0.246
46,54,0.236
46,55,0.216
46,56,0.222
46,57,0.232
46,58,0.226
46,59,0.224
46,60,0.225
46,61,0.214
46,62,0.182
46,63,0.185
46,64,0.182
46,65,0.186
46,66,0.171
46,67,0.178
46,68,0.184
46,69,0.19
46,70,0.194
47,23,
47,24,
47,25,
47,26,
47,27,
47,28,
47,29,
47,30,
47,31,
47,32,
47,33,
47,34,
47,35,
47,36,
47,37,
47,38,
47,39,
47,40,
47,41,0.25
47,42,0.242
47,43,0.268
47,44,0.251
47,45,0.243
47,46,0.249
47,47,0.228
47,48,0.219
47,49,0.216
47,50,0.223
47,51,0.214
47,52,0.234
47,53,0.199
47,54,0.201
47,55,0.225
47,56,0.186
47,57,0.18
47,58,0.176
47,59,0.186
47,60,0.186
47,61,0.188
47,62,0.188
47,63,0.185
47,64,0.179
47,65,0.175
47,66,0.191
47,67,0.199
47,68,0.197
47,69,0.186
47,70,0.186
48,23,0.185
48,24,0.152
48,25,0.158
48,26,0.176
48,27,0.186
48,28,0.177
48,29,
48,30,0.191
48,31,0.203
48,32,0.216
48,33,0.201
48,34,0.219
48,35,0.219
48,36,0.213
48,37,0.201
48,38,
48,39,
48,40,
48,41,
48,42,0.207
48,43,0.207
48,44,0.248
48,45,0.215
48,46,0.217
48,47,0.215
48,48,0.219
48,49,0.234
48,50,0.222
48,51,0.223
48,52,0.226
48,53,0.213
48,54,0.213
48,55,0.206
48,56,0.198
48,57,0.2
48,58,0.215
48,59,0.221
48,60,0.221
48,61,0.229
48,62,0.237
48,63,0.253
48,64,0.235
48,65,0.249
48,66,0.241
48,67,0.244
48,68,0.251
48,69,0.255
48,70,0.266
49,23,
49,24,
49,25,
49,26,
49,27,
49,28,0.144
49,29,
49,30,
49,31,0.202
49,32,0.21
49,33,0.21
49,34,
49,35,
49,36,
49,37,
49,38,0.214
49,39,0.311
49,40,
49,41,0.286
49,42,0.27
49,43,0.291
49,44,0.287
49,45,0.227
49,46,
49,47,0.259
49,48,0.263
49,49,0.249
49,50,0.236
49,51,0.246
49,52,0.25
49,53,0.242
49,54,0.236
49,55,0.242
49,56,0.246
49,57,0.237
49,58,0.222
49,59,0.23
49,60,0.234
49,61,0.235
49,62,0.206
49,63,0.214
49,64,0.213
49,65,0.21
49,66,0.204
49,67,0.209
49,68,0.222
49,69,0.211
49,70,0.219
50,23,
50,24,
50,25,
50,26,
50,27,
50,28,
50,29,
50,30,
50,31,
50,32,
50,33,
50,34,
50,35,
50,36,0.0476
50,37,
50,38,
50,39,
50,40,
50,41,
50,42,
50,43,
50,44,
50,45,
50,46,
50,47,
50,48,
50,49,
50,50,
50,51,
50,52,
50,53,
50,54,
50,55,
50,56,
50,57,
50,58,
50,59,
50,60,
50,61,
50,62,
50,63,
50,64,
50,65,
50,66,
50,67,
50,68,
50,69,
50,70,
51,23,
51,24,
51,25,
51,26,
51,27,
51,28,
51,29,
51,30,
51,31,
51,32,
51,33,
51,34,
51,35,
51,36,
51,37,
51,38,
51,39,
51,40,
51,41,
51,42,0.371
51,43,0.368
51,44,0.37
51,45,0.36
51,46,0.333
51,47,0.325
51,48,0.342
51,49,0.336
51,50,0.334
51,51,0.33
51,52,0.316
51,53,0.35
51,54,0.338
51,55,0.298
51,56,0.307
51,57,0.34
51,58,0.34
51,59,0.335
51,60,0.351
51,61,0.352
51,62,0.314
51,63,0.303
51,64,0.324
51,65,0.311
51,66,0.302
51,67,0.301
51,68,0.306
51,69,0.296
51,70,0.298
52,23,
52,24,
52,25,
52,26,
52,27,
52,28,
52,29,
52,30,
52,31,
52,32,
52,33,
52,34,
52,35,
52,36,
52,37,
52,38,
52,39,
52,40,
52,41,
52,42,
52,43,
52,44,
52,45,
52,46,
52,47,
52,48,
52,49,
52,50,
52,51,
52,52,
52,53,
52,54,
52,55,
52,56,
52,57,
52,58,
52,59,
52,60,
52,61,
52,62,
52,63,
52,64,
52,65,
52,66,
52,67,
52,68,
52,69,0.24
52,70,
53,23,
53,24,
53,25,
53,26,
53,27,
53,28,
53,29,
53,30,
53,31,
53,32,
53,33,
53,34,
53,35,
53,36,
53,37,
53,38,
53,39,
53,40,
53,41,
53,42,
53,43,
53,44,
53,45,
53,46,
53,47,0.0226
53,48,
53,49,
53,50,
53,51,
53,52,0.0651
53,53,
53,54,
53,55,
53,56,
53,57,
53,58,0.0736
53,59,
53,60,
53,61,
53,62,
53,63,
53,64,
53,65,
53,66,0.0841
53,67,
53,68,
53,69,
53,70,
54,23,
54,24,
54,25,
54,26,
54,27,
54,28,
54,29,
54,30,
54,31,
54,32,
54,33,
54,34,
54,35,
54,36,
54,37,
54,38,
54,39,
54,40,
54,41,
54,42,
54,43,0.331
54,44,
54,45,
54,46,
54,47,
54,48,
54,49,0.311
54,50,0.322
54,51,0.34
54,52,
54,53,
54,54,
54,55,
54,56,
54,57,
54,58,0.208
54,59,0.3
54,60,0.257
54,61,
54,62,
54,63,
54,64,0.144
54,65,
54,66,
54,67,0.131
54,68,
54,69,0.142
54,70,
55,23,0.353
55,24,0.35
55,25,0.354
55,26,0.35
55,27,0.353
55,28,0.354
55,29,0.342
55,30,0.342
55,31,0.339
55,32,0.34
55,33,0.34
55,34,0.344
55,35,0.333
55,36,0.326
55,37,0.321
55,38,0.315
55,39,0.315
55,40,0.307
55,41,0.301
55,42,0.3
55,43,0.304
55,44,0.288
55,45,0.274
55,46,0.266
55,47,0.263
55,48,0.276
55,49,0.268
55,50,0.273
55,51,0.282
55,52,0.276
55,53,0.279
55,54,0.27
55,55,0.271
55,56,0.266
55,57,0.26
55,58,0.258
55,59,0.256
55,60,0.257
55,61,0.25
55,62,0.239
55,63,0.232
55,64,0.229
55,65,0.227
55,66,0.228
55,67,0.218
55,68,0.216
55,69,0.221
55,70,0.221
56,23,0.387
56,24,0.387
56,25,0.388
56,26,0.39
56,27,0.389
56,28,0.381
56,29,0.375
56,30,0.37
56,31,0.363
56,32,0.358
56,33,0.355
56,34,0.347
56,35,0.341
56,36,0.333
56,37,0.324
56,38,0.316
56,39,0.309
56,40,0.304
56,41,0.299
56,42,0.297
56,43,0.296
56,44,0.291
56,45,0.293
56,46,0.275
56,47,0.268
56,48,0.269
56,49,0.265
56,50,0.266
56,51,0.263
56,52,0.263
56,53,0.263
56,54,0.26
56,55,0.254
56,56,0.239
56,57,0.242
56,58,0.237
56,59,0.238
56,60,0.233
56,61,0.231
56,62,0.226
56,63,0.221
56,64,0.221
56,65,0.217
56,66,0.211
56,67,0.203
56,68,0.201
56,69,0.2
56,70,0.202
57,23,
57,24,
57,25,
57,26,
57,27,
57,28,
57,29,
57,30,
57,31,
57,32,
57,33,
57,34,
57,35,
57,36,
57,37,
57,38,
57,39,
57,40,
57,41,
57,42,
57,43,
57,44,
57,45,
57,46,0.0958
57,47,
57,48,
57,49,
57,50,
57,51,
57,52,
57,53,
57,54,
57,55,
57,56,
57,57,
57,58,
57,59,
57,60,
57,61,
57,62,
57,63,
57,64,
57,65,
57,66,
57,67,
57,68,
57,69,
57,70,
58,23,
58,24,
58,25,
58,26,
58,27,
58,28,
58,29,
58,30,
58,31,
58,32,
58,33,
58,34,
58,35,
58,36,
58,37,
58,38,
58,39,
58,40,
58,41,
58,42,
58,43,
58,44,
58,45,
58,46,0.0614
58,47,
58,48,
58,49,
58,50,
58,51,
58,52,
58,53,
58,54,
58,55,
58,56,
58,57,
58,58,
58,59,
58,60,
58,61,
58,62,
58,63,
58,64,
58,65,0.154
58,66,
58,67,
58,68,
58,69,
58,70,
59,23,
59,24,
59,25,
59,26,
59,27,
59,28,
59,29,
59,30,
59,31,
59,32,
59,33,
59,34,
59,35,
59,36,
59,37,
59,38,
59,39,
59,40,
59,41,
59,42,
59,43,
59,44,
59,45,
59,46,
59,47,
59,48,
59,49,
59,50,
59,51,0.102
59,52,0.0944
59,53,0.098
59,54,0.0928
59,55,0.0822
59,56,0.0835
59,57,0.0883
59,58,0.0929
59,59,0.0905
59,60,0.104
59,61,
59,62,
59,63,
59,64,0.0995
59,65,0.0967
59,66,
59,67,0.1
59,68,
59,69,0.108
59,70,0.132
60,23,
60,24,
60,25,
60,26,
60,27,
60,28,
60,29,
60,30,
60,31,
60,32,
60,33,
60,34,
60,35,
60,36,0.412
60,37,0.407
60,38,0.41
60,39,0.403
60,40,0.401
60,41,0.405
60,42,0.402
60,43,0.401
60,44,0.403
60,45,0.39
60,46,0.378
60,47,0.369
60,48,0.36
60,49,0.353
60,50,0.347
60,51,0.344
60,52,0.338
60,53,0.335
60,54,0.328
60,55,0.324
60,56,0.314
60,57,0.313
60,58,0.298
60,59,0.296
60,60,0.299
60,61,0.293
60,62,0.288
60,63,0.283
60,64,0.282
60,65,0.282
60,66,0.278
60,67,0.281
60,68,0.277
60,69,0.274
60,70,0.274
61,23,
61,24,
61,25,
61,26,
61,27,
61,28,
61,29,
61,30,
61,31,
61,32,
61,33,
61,34,
61,35,
61,36,
61,37,
61,38,
61,39,
61,40,
61,41,
61,42,
61,43,
61,44,
61,45,
61,46,
61,47,
61,48,
61,49,
61,50,
61,51,
61,52,0.14
61,53,
61,54,
61,55,
61,56,
61,57,
61,58,
61,59,0.142
61,60,
61,61,
61,62,
61,63,0.152
61,64,
61,65,
61,66,0.14
61,67,
61,68,0.187
61,69,
61,70,
62,23,
62,24,
62,25,
62,26,
62,27,
62,28,
62,29,
62,30,
62,31,
62,32,
62,33,
62,34,0.29
62,35,0.292
62,36,0.271
62,37,0.261
62,38,0.257
62,39,0.262
62,40,0.261
62,41,0.254
62,42,0.257
62,43,0.259
62,44,0.257
62,45,0.251
62,46,0.242
62,47,0.236
62,48,0.232
62,49,0.229
62,50,0.225
62,51,0.232
62,52,0.23
62,53,0.226
62,54,0.231
62,55,0.228
62,56,0.225
62,57,0.224
62,58,0.224
62,59,0.22
62,60,0.224
62,61,0.222
62,62,0.211
62,63,0.196
62,64,0.177
62,65,0.165
62,66,0.156
62,67,0.15
62,68,0.149
62,69,0.152
62,70,0.154
63,23,
63,24,
63,25,
63,26,
63,27,
63,28,
63,29,
63,30,
63,31,
63,32,
63,33,
63,34,
63,35,
63,36,
63,37,
63,38,
63,39,
63,40,
63,41,0.245
63,42,
63,43,
63,44,
63,45,
63,46,
63,47,0.224
63,48,
63,49,0.231
63,50,
63,51,0.239
63,52,
63,53,
63,54,
63,55,
63,56,
63,57,
63,58,
63,59,
63,60,
63,61,
63,62,
63,63,
63,64,
63,65,
63,66,
63,67,
63,68,
63,69,
63,70,
64,23,
64,24,
64,25,
64,26,
64,27,
64,28,
64,29,
64,30,
64,31,
64,32,
64,33,
64,34,0.194
64,35,0.194
64,36,
64,37,
64,38,
64,39,
64,40,0.167
64,41,
64,42,0.183
64,43,0.298
64,44,0.33
64,45,
64,46,
64,47,
64,48,
64,49,
64,50,
64,51,0.232
64,52,
64,53,0.225
64,54,
64,55,0.2
64,56,0.236
64,57,0.202
64,58,
64,59,0.228
64,60,
64,61,
64,62,
64,63,0.219
64,64,0.199
64,65,0.195
64,66,0.182
64,67,0.195
64,68,0.189
64,69,0.21
64,70,
65,23,
65,24,
65,25,
65,26,
65,27,
65,28,
65,29,
65,30,
65,31,
65,32,
65,33,
65,34,
65,35,
65,36,
65,37,
65,38,
65,39,
65,40,
65,41,
65,42,
65,43,
65,44,
65,45,
65,46,
65,47,
65,48,
65,49,
65,50,
65,51,
65,52,
65,53,
65,54,
65,55,0.053
65,56,
65,57,
65,58,
65,59,
65,60,
65,61,
65,62,
65,63,
65,64,
65,65,
65,66,
65,67,
65,68,
65,69,
65,70,
66,23,
66,24,
66,25,
66,26,
66,27,
66,28,
66,29,
66,30,
66,31,
66,32,
66,33,
66,34,
66,35,
66,36,
66,37,
66,38,
66,39,
66,40,
66,41,
66,42,
66,43,
66,44,
66,45,
66,46,
66,47,
66,48,
66,49,
66,50,0.226
66,51,
66,52,
66,53,
66,54,
66,55,0.244
66,56,
66,57,
66,58,
66,59,
66,60,
66,61,
66,62,
66,63,
66,64,
66,65,
66,66,
66,67,
66,68,
66,69,
66,70,
67,23,0.0719
67,24,0.0719
67,25,0.0719
67,26,0.0719
67,27,0.0719
67,28,0.0719
67,29,0.0719
67,30,0.0719
67,31,0.0719
67,32,0.0719
67,33,0.0804
67,34,0.0806
67,35,0.0881
67,36,0.088
67,37,
67,38,
67,39,
67,40,
67,41,0.0886
67,42,
67,43,0.088
67,44,
67,45,
67,46,
67,47,
67,48,
67,49,
67,50,
67,51,
67,52,
67,53,
67,54,
67,55,
67,56,0.104
67,57,
67,58,
67,59,
67,60,
67,61,
67,62,
67,63,
67,64,
67,65,
67,66,
67,67,
67,68,
67,69,
67,70,
68,23,0.145
68,24,0.147
68,25,0.149
68,26,0.15
68,27,0.151
68,28,0.152
68,29,0.154
68,30,0.155
68,31,0.157
68,32,0.157
68,33,0.169
68,34,0.169
68,35,0.17
68,36,0.173
68,37,
68,38,0.259
68,39,0.24
68,40,0.239
68,41,
68,42,
68,43,0.167
68,44,0.212
68,45,0.201
68,46,
68,47,0.24
68,48,0.242
68,49,0.223
68,50,0.22
68,51,0.23
68,52,0.22
68,53,
68,54,0.222
68,55,0.218
68,56,0.214
68,57,0.224
68,58,0.235
68,59,0.221
68,60,0.222
68,61,0.22
68,62,0.207
68,63,0.189
68,64,0.197
68,65,0.199
68,66,0.19
68,67,0.22
68,68,0.218
68,69,0.216
68,70,0.207
69,23,
69,24,
69,25,
69,26,
69,27,
69,28,
69,29,
69,30,
69,31,
69,32,
69,33,0.411
69,34,0.385
69,35,0.378
69,36,0.372
69,37,0.37
69,38,0.369
69,39,0.367
69,40,0.364
69,41,0.36
69,42,0.354
69,43,0.368
69,44,0.361
69,45,0.35
69,46,0.338
69,47,0.33
69,48,0.326
69,49,0.332
69,50,0.332
69,51,0.348
69,52,0.344
69,53,0.338
69,54,0.344
69,55,0.341
69,56,0.334
69,57,0.33
69,58,0.325
69,59,0.323
69,60,0.325
69,61,0.322
69,62,0.312
69,63,0.307
69,64,0.308
69,65,0.298
69,66,0.299
69,67,0.304
69,68,0.303
69,69,0.304
69,70,0.315
70,23,
70,24,
70,25,
70,26,
70,27,
70,28,
70,29,
70,30,
70,31,
70,32,
70,33,
70,34,
70,35,
70,36,
70,37,
70,38,
70,39,
70,40,
70,41,
70,42,
70,43,
70,44,0.259
70,45,0.247
70,46,0.251
70,47,0.259
70,48,0.249
70,49,0.235
70,50,0.246
70,51,0.266
70,52,0.231
70,53,0.221
70,54,0.229
70,55,0.225
70,56,0.216
70,57,0.233
70,58,0.216
70,59,0.215
70,60,0.208
70,61,0.22
70,62,0.194
70,63,0.184
70,64,0.185
70,65,0.182
70,66,0.186
70,67,0.184
70,68,0.178
70,69,0.174
70,70,0.174
71,23,
71,24,
71,25,
71,26,
71,27,
71,28,
71,29,
71,30,
71,31,
71,32,
71,33,
71,34,
71,35,
71,36,
71,37,
71,38,
71,39,
71,40,
71,41,
71,42,
71,43,
71,44,
71,45,
71,46,
71,47,0.154
71,48,
71,49,
71,50,
71,51,
71,52,
71,53,0.163
71,54,
71,55,
71,56,
71,57,
71,58,0.188
71,59,
71,60,
71,61,
71,62,
71,63,0.218
71,64,
71,65,0.244
71,66,
71,67,
71,68,
71,69,
71,70,
72,23,
72,24,
72,25,
72,26,
72,27,
72,28,
72,29,0.0886
72,30,0.108
72,31,0.0927
72,32,0.137
72,33,0.131
72,34,
72,35,0.149
72,36,
72,37,
72,38,0.134
72,39,0.082
72,40,0.0826
72,41,0.0827
72,42,0.133
72,43,0.137
72,44,0.145
72,45,0.141
72,46,0.157
72,47,0.187
72,48,0.184
72,49,0.181
72,50,0.19
72,51,0.163
72,52,0.178
72,53,0.174
72,54,0.187
72,55,0.188
72,56,0.177
72,57,0.18
72,58,0.188
72,59,0.186
72,60,0.188
72,61,0.184
72,62,0.183
72,63,0.186
72,64,0.2
72,65,0.211
72,66,0.209
72,67,0.214
72,68,0.22
72,69,0.217
72,70,0.22
73,23,
73,24,
73,25,
73,26,
73,27,
73,28,
73,29,
73,30,
73,31,
73,32,
73,33,
73,34,
73,35,0.28
73,36,
73,37,
73,38,
73,39,
73,40,
73,41,
73,42,
73,43,
73,44,
73,45,
73,46,
73,47,
73,48,
73,49,0.307
73,50,
73,51,
73,52,
73,53,
73,54,
73,55,
73,56,
73,57,
73,58,0.304
73,59,0.317
73,60,0.32
73,61,0.323
73,62,0.318
73,63,0.322
73,64,0.33
73,65,0.336
73,66,0.343
73,67,0.338
73,68,0.325
73,69,0.319
73,70,0.32
75,23,
75,24,
75,25,
75,26,
75,27,
75,28,
75,29,
75,30,
75,31,
75,32,
75,33,
75,34,
75,35,
75,36,0.306
75,37,0.303
75,38,0.298
75,39,0.296
75,40,0.286
75,41,0.286
75,42,0.287
75,43,0.287
75,44,0.289
75,45,0.28
75,46,0.271
75,47,0.277
75,48,0.277
75,49,0.272
75,50,0.285
75,51,0.287
75,52,0.283
75,53,0.285
75,54,0.289
75,55,0.276
75,56,0.277
75,57,0.276
75,58,0.276
75,59,0.276
75,60,0.256
75,61,0.232
75,62,0.198
75,63,0.18
75,64,0.174
75,65,0.169
75,66,0.172
75,67,0.173
75,68,0.18
75,69,0.185
75,70,0.188
76,23,0.337
76,24,0.34
76,25,0.34
76,26,0.347
76,27,0.344
76,28,0.338
76,29,0.33
76,30,0.324
76,31,0.312
76,32,0.316
76,33,0.308
76,34,0.305
76,35,0.299
76,36,0.301
76,37,0.297
76,38,0.289
76,39,0.29
76,40,0.292
76,41,0.282
76,42,0.274
76,43,0.278
76,44,0.286
76,45,0.285
76,46,0.29
76,47,0.286
76,48,0.283
76,49,0.281
76,50,0.273
76,51,0.256
76,52,0.244
76,53,0.237
76,54,0.23
76,55,0.222
76,56,0.222
76,57,0.219
76,58,0.214
76,59,0.212
76,60,0.216
76,61,0.215
76,62,0.201
76,63,0.2
76,64,0.197
76,65,0.174
76,66,0.176
76,67,0.175
76,68,0.174
76,69,0.173
76,70,0.171
77,23,
77,24,
77,25,
77,26,
77,27,
77,28,
77,29,
77,30,0.378
77,31,0.375
77,32,0.371
77,33,0.372
77,34,0.369
77,35,0.364
77,36,0.36
77,37,0.346
77,38,0.335
77,39,0.331
77,40,0.322
77,41,0.322
77,42,0.32
77,43,0.324
77,44,0.322
77,45,0.346
77,46,0.341
77,47,0.338
77,48,0.337
77,49,0.334
77,50,0.326
77,51,0.327
77,52,0.324
77,53,0.318
77,54,0.317
77,55,0.316
77,56,0.318
77,57,0.308
77,58,0.307
77,59,0.301
77,60,0.301
77,61,0.298
77,62,0.292
77,63,0.286
77,64,0.283
77,65,0.276
77,66,0.271
77,67,0.269
77,68,0.266
77,69,0.261
77,70,0.26
78,23,
78,24,
78,25,
78,26,
78,27,
78,28,
78,29,
78,30,
78,31,
78,32,
78,33,
78,34,
78,35,
78,36,
78,37,
78,38,
78,39,
78,40,
78,41,
78,42,
78,43,
78,44,
78,45,0.19
78,46,0.19
78,47,0.188
78,48,0.202
78,49,0.203
78,50,0.186
78,51,0.182
78,52,0.179
78,53,0.169
78,54,0.171
78,55,0.173
78,56,0.174
78,57,0.183
78,58,0.177
78,59,0.177
78,60,0.18
78,61,0.183
78,62,0.175
78,63,0.159
78,64,0.161
78,65,0.155
78,66,0.152
78,67,0.149
78,68,0.149
78,69,0.157
78,70,0.157
79,23,0.357
79,24,0.36
79,25,0.363
79,26,0.372
79,27,0.37
79,28,0.359
79,29,0.358
79,30,0.354
79,31,0.35
79,32,0.349
79,33,0.353
79,34,0.353
79,35,0.349
79,36,0.348
79,37,0.348
79,38,0.349
79,39,0.345
79,40,0.338
79,41,0.341
79,42,0.343
79,43,0.341
79,44,0.344
79,45,0.346
79,46,0.343
79,47,0.34
79,48,0.336
79,49,0.333
79,50,0.331
79,51,0.32
79,52,0.317
79,53,0.312
79,54,0.305
79,55,0.297
79,56,0.293
79,57,0.284
79,58,0.275
79,59,
79,60,0.279
79,61,0.269
79,62,0.26
79,63,0.254
79,64,0.0803
79,65,0.259
79,66,0.258
79,67,0.248
79,68,0.255
79,69,0.252
79,70,0.251
80,23,
80,24,
80,25,
80,26,
80,27,
80,28,
80,29,
80,30,
80,31,
80,32,
80,33,
80,34,
80,35,
80,36,
80,37,
80,38,
80,39,
80,40,
80,41,
80,42,
80,43,
80,44,
80,45,
80,46,
80,47,
80,48,
80,49,
80,50,
80,51,
80,52,
80,53,
80,54,
80,55,0.211
80,56,
80,57,0.257
80,58,
80,59,
80,60,
80,61,
80,62,
80,63,
80,64,
80,65,
80,66,
80,67,
80,68,
80,69,
80,70,
81,23,
81,24,
81,25,
81,26,
81,27,
81,28,
81,29,
81,30,
81,31,
81,32,
81,33,
81,34,
81,35,
81,36,
81,37,
81,38,
81,39,
81,40,
81,41,
81,42,
81,43,
81,44,
81,45,
81,46,
81,47,
81,48,
81,49,
81,50,
81,51,
81,52,
81,53,
81,54,0.163
81,55,0.163
81,56,0.17
81,57,0.174
81,58,0.18
81,59,0.184
81,60,0.189
81,61,0.189
81,62,0.186
81,63,0.187
81,64,0.19
81,65,0.194
81,66,0.198
81,67,0.197
81,68,0.206
81,69,0.21
81,70,0.203
82,23,
82,24,
82,25,
82,26,
82,27,
82,28,
82,29,
82,30,
82,31,
82,32,
82,33,
82,34,
82,35,
82,36,
82,37,
82,38,
82,39,
82,40,
82,41,
82,42,
82,43,
82,44,
82,45,
82,46,
82,47,
82,48,
82,49,
82,50,
82,51,
82,52,0.131
82,53,
82,54,
82,55,
82,56,
82,57,
82,58,0.0669
82,59,
82,60,
82,61,
82,62,
82,63,
82,64,
82,65,
82,66,
82,67,
82,68,
82,69,
82,70,
83,23,
83,24,
83,25,
83,26,
83,27,
83,28,
83,29,
83,30,
83,31,
83,32,
83,33,
83,34,
83,35,
83,36,
83,37,
83,38,
83,39,
83,40,
83,41,
83,42,
83,43,
83,44,
83,45,
83,46,
83,47,
83,48,
83,49,
83,50,
83,51,
83,52,
83,53,0.0742
83,54,
83,55,
83,56,
83,57,
83,58,0.0844
83,59,
83,60,
83,61,
83,62,
83,63,0.161
83,64,
83,65,
83,66,
83,67,
83,68,
83,69,
83,70,
84,23,
84,24,
84,25,
84,26,
84,27,
84,28,
84,29,
84,30,
84,31,
84,32,
84,33,
84,34,
84,35,
84,36,0.27
84,37,
84,38,
84,39,
84,40,
84,41,0.255
84,42,
84,43,
84,44,
84,45,
84,46,
84,47,
84,48,0.229
84,49,
84,50,
84,51,
84,52,
84,53,
84,54,
84,55,
84,56,0.183
84,57,
84,58,0.206
84,59,
84,60,
84,61,0.251
84,62,
84,63,
84,64,
84,65,
84,66,
84,67,
84,68,
84,69,0.205
84,70,0.208
85,23,
85,24,
85,25,
85,26,
85,27,
85,28,
85,29,
85,30,
85,31,
85,32,
85,33,
85,34,
85,35,
85,36,
85,37,
85,38,
85,39,0.251
85,40,0.246
85,41,0.244
85,42,0.252
85,43,0.279
85,44,0.266
85,45,0.225
85,46,0.214
85,47,0.193
85,48,0.167
85,49,0.146
85,50,0.135
85,51,0.131
85,52,0.116
85,53,0.105
85,54,0.103
85,55,0.12
85,56,0.15
85,57,0.176
85,58,0.176
85,59,0.194
85,60,0.203
85,61,0.206
85,62,
85,63,
85,64,
85,65,0.217
85,66,0.202
85,67,0.204
85,68,0.209
85,69,0.221
85,70,0.231
86,23,
86,24,
86,25,
86,26,
86,27,
86,28,
86,29,
86,30,
86,31,
86,32,
86,33,
86,34,
86,35,
86,36,
86,37,
86,38,
86,39,
86,40,
86,41,
86,42,
86,43,
86,44,
86,45,
86,46,
86,47,
86,48,0.0352
86,49,
86,50,
86,51,
86,52,
86,53,
86,54,
86,55,
86,56,
86,57,
86,58,
86,59,
86,60,
86,61,
86,62,
86,63,0.0831
86,64,
86,65,
86,66,
86,67,
86,68,
86,69,
86,70,0.141
87,23,
87,24,
87,25,
87,26,
87,27,
87,28,
87,29,
87,30,
87,31,
87,32,
87,33,
87,34,
87,35,
87,36,
87,37,
87,38,
87,39,
87,40,
87,41,
87,42,
87,43,
87,44,
87,45,
87,46,
87,47,
87,48,
87,49,0.272
87,50,0.258
87,51,0.271
87,52,0.258
87,53,0.268
87,54,0.263
87,55,0.255
87,56,0.271
87,57,0.269
87,58,0.265
87,59,0.274
87,60,0.286
87,61,0.294
87,62,0.243
87,63,0.231
87,64,0.229
87,65,0.235
87,66,0.239
87,67,0.238
87,68,0.236
87,69,0.241
87,70,0.233
89,23,
89,24,
89,25,
89,26,
89,27,
89,28,
89,29,
89,30,
89,31,
89,32,
89,33,
89,34,
89,35,
89,36,
89,37,
89,38,
89,39,
89,40,
89,41,
89,42,
89,43,
89,44,
89,45,
89,46,
89,47,
89,48,
89,49,0.101
89,50,0.152
89,51,
89,52,0.0932
89,53,
89,54,
89,55,
89,56,
89,57,
89,58,
89,59,
89,60,
89,61,0.417
89,62,
89,63,
89,64,
89,65,
89,66,
89,67,
89,68,
89,69,
89,70,
90,23,
90,24,
90,25,
90,26,
90,27,
90,28,
90,29,
90,30,
90,31,
90,32,
90,33,
90,34,
90,35,
90,36,
90,37,
90,38,
90,39,
90,40,
90,41,
90,42,
90,43,
90,44,
90,45,
90,46,
90,47,
90,48,
90,49,
90,50,
90,51,
90,52,
90,53,
90,54,
90,55,
90,56,
90,57,
90,58,
90,59,
90,60,
90,61,
90,62,
90,63,0.107
90,64,
90,65,
90,66,
90,67,
90,68,
90,69,
90,70,
91,23,
91,24,0.22
91,25,0.232
91,26,0.258
91,27,0.289
91,28,0.313
91,29,0.324
91,30,0.323
91,31,0.321
91,32,
91,33,0.337
91,34,
91,35,
91,36,0.404
91,37,
91,38,0.394
91,39,0.3
91,40,
91,41,
91,42,
91,43,
91,44,
91,45,
91,46,
91,47,
91,48,
91,49,
91,50,
91,51,
91,52,
91,53,
91,54,
91,55,
91,56,
91,57,
91,58,
91,59,
91,60,
91,61,
91,62,
91,63,
91,64,
91,65,
91,66,
91,67,
91,68,
91,69,
91,70,
92,23,
92,24,
92,25,
92,26,
92,27,
92,28,
92,29,
92,30,
92,31,
92,32,
92,33,
92,34,
92,35,
92,36,
92,37,
92,38,
92,39,
92,40,
92,41,
92,42,
92,43,
92,44,
92,45,
92,46,
92,47,
92,48,
92,49,
92,50,
92,51,
92,52,
92,53,
92,54,
92,55,
92,56,
92,57,
92,58,0.337
92,59,0.338
92,60,0.332
92,61,0.324
92,62,0.318
92,63,0.32
92,64,0.306
92,65,0.303
92,66,0.301
92,67,0.296
92,68,0.291
92,69,0.286
92,70,
93,23,
93,24,
93,25,
93,26,
93,27,
93,28,
93,29,
93,30,
93,31,
93,32,
93,33,
93,34,
93,35,
93,36,
93,37,
93,38,
93,39,
93,40,
93,41,
93,42,
93,43,
93,44,
93,45,
93,46,
93,47,
93,48,
93,49,
93,50,0.285
93,51,0.291
93,52,0.271
93,53,0.268
93,54,0.266
93,55,0.274
93,56,0.272
93,57,0.282
93,58,0.291
93,59,0.296
93,60,0.306
93,61,0.305
93,62,0.269
93,63,0.246
93,64,0.246
93,65,0.251
93,66,0.255
93,67,0.247
93,68,0.251
93,69,0.251
93,70,0.251
94,23,0.448
94,24,0.441
94,25,0.437
94,26,0.451
94,27,0.456
94,28,0.434
94,29,0.418
94,30,0.408
94,31,0.392
94,32,0.385
94,33,0.38
94,34,0.371
94,35,0.362
94,36,0.319
94,37,0.32
94,38,0.316
94,39,0.296
94,40,0.311
94,41,0.292
94,42,0.292
94,43,0.294
94,44,0.29
94,45,0.286
94,46,0.263
94,47,0.268
94,48,0.251
94,49,0.229
94,50,0.233
94,51,0.215
94,52,0.219
94,53,0.208
94,54,0.214
94,55,0.201
94,56,0.192
94,57,0.188
94,58,0.173
94,59,0.167
94,60,0.169
94,61,0.153
94,62,0.126
94,63,0.127
94,64,0.129
94,65,0.124
94,66,0.117
94,67,0.108
94,68,0.114
94,69,0.107
94,70,0.0896
95,23,
95,24,
95,25,
95,26,
95,27,
95,28,
95,29,
95,30,
95,31,
95,32,
95,33,
95,34,
95,35,
95,36,
95,37,
95,38,
95,39,
95,40,
95,41,
95,42,
95,43,
95,44,
95,45,
95,46,
95,47,
95,48,
95,49,
95,50,
95,51,
95,52,
95,53,
95,54,
95,55,
95,56,0.067
95,57,
95,58,0.0341
95,59,
95,60,
95,61,
95,62,
95,63,
95,64,
95,65,0.0769
95,66,
95,67,
95,68,0.0911
95,69,
95,70,
97,23,
97,24,
97,25,
97,26,
97,27,
97,28,
97,29,
97,30,
97,31,
97,32,
97,33,0.241
97,34,0.254
97,35,0.244
97,36,0.259
97,37,0.245
97,38,0.238
97,39,0.229
97,40,0.223
97,41,0.226
97,42,0.254
97,43,0.275
97,44,0.264
97,45,0.316
97,46,0.32
97,47,
97,48,0.323
97,49,0.322
97,50,0.337
97,51,0.318
97,52,0.317
97,53,0.322
97,54,0.331
97,55,0.32
97,56,0.32
97,57,0.301
97,58,0.297
97,59,0.303
97,60,0.285
97,61,0.287
97,62,0.27
97,63,0.277
97,64,0.291
97,65,0.286
97,66,0.284
97,67,0.28
97,68,0.275
97,69,0.275
97,70,
98,23,
98,24,
98,25,
98,26,
98,27,
98,28,
98,29,
98,30,
98,31,
98,32,
98,33,
98,34,
98,35,
98,36,
98,37,
98,38,
98,39,
98,40,
98,41,
98,42,
98,43,0.224
98,44,
98,45,
98,46,
98,47,
98,48,0.239
98,49,
98,50,
98,51,
98,52,
98,53,0.19
98,54,
98,55,
98,56,0.234
98,57,
98,58,
98,59,
98,60,
98,61,
98,62,
98,63,
98,64,
98,65,
98,66,
98,67,0.227
98,68,
98,69,0.184
98,70,
99,23,
99,24,
99,25,
99,26,
99,27,
99,28,
99,29,
99,30,
99,31,
99,32,
99,33,
99,34,
99,35,
99,36,
99,37,
99,38,
99,39,
99,40,
99,41,
99,42,
99,43,
99,44,
99,45,
99,46,
99,47,
99,48,
99,49,
99,50,
99,51,
99,52,
99,53,
99,54,
99,55,
99,56,
99,57,0.165
99,58,
99,59,0.0564
99,60,
99,61,
99,62,
99,63,
99,64,
99,65,
99,66,
99,67,0.08
99,68,0.0826
99,69,0.0631
99,70,
100,23,
100,24,
100,25,
100,26,
100,27,
100,28,
100,29,
100,30,
100,31,
100,32,
100,33,
100,34,
100,35,
100,36,
100,37,
100,38,
100,39,
100,40,
100,41,
100,42,
100,43,
100,44,
100,45,
100,46,
100,47,
100,48,
100,49,
100,50,
100,51,
100,52,
100,53,0.327
100,54,0.309
100,55,0.315
100,56,0.299
100,57,0.294
100,58,0.299
100,59,0.283
100,60,0.263
100,61,0.256
100,62,0.25
100,63,0.255
100,64,0.245
100,65,0.223
100,66,0.218
100,67,0.209
100,68,0.198
100,69,0.198
100,70,0.198
101,23,
101,24,
101,25,
101,26,
101,27,
101,28,
101,29,
101,30,
101,31,
101,32,
101,33,
101,34,
101,35,
101,36,
101,37,
101,38,
101,39,
101,40,
101,41,
101,42,
101,43,
101,44,
101,45,
101,46,
101,47,
101,48,
101,49,
101,50,
101,51,
101,52,0.184
101,53,
101,54,
101,55,
101,56,
101,57,
101,58,
101,59,
101,60,
101,61,
101,62,0.105
101,63,0.094
101,64,
101,65,
101,66,
101,67,
101,68,
101,69,
101,70,
103,23,
103,24,
103,25,
103,26,
103,27,
103,28,
103,29,
103,30,
103,31,
103,32,
103,33,
103,34,
103,35,
103,36,
103,37,
103,38,
103,39,
103,40,
103,41,
103,42,
103,43,0.431
103,44,
103,45,0.397
103,46,
103,47,0.389
103,48,0.398
103,49,0.379
103,50,0.375
103,51,0.381
103,52,0.383
103,53,0.392
103,54,0.365
103,55,0.366
103,56,0.34
103,57,0.335
103,58,0.324
103,59,0.32
103,60,0.402
103,61,0.315
103,62,0.295
103,63,0.285
103,64,0.279
103,65,0.278
103,66,0.337
103,67,0.334
103,68,0.325
103,69,0.332
103,70,0.314
104,23,
104,24,
104,25,
104,26,
104,27,
104,28,
104,29,
104,30,
104,31,
104,32,
104,33,
104,34,
104,35,
104,36,
104,37,
104,38,
104,39,
104,40,
104,41,
104,42,
104,43,0.278
104,44,0.233
104,45,
104,46,0.225
104,47,
104,48,0.217
104,49,0.227
104,50,0.225
104,51,0.248
104,52,0.256
104,53,0.27
104,54,0.26
104,55,0.297
104,56,0.294
104,57,0.295
104,58,0.257
104,59,0.259
104,60,0.26
104,61,0.253
104,62,0.241
104,63,0.242
104,64,0.241
104,65,0.238
104,66,0.241
104,67,0.246
104,68,0.25
104,69,0.256
104,70,0.258
105,23,
105,24,
105,25,
105,26,
105,27,
105,28,
105,29,
105,30,
105,31,
105,32,
105,33,
105,34,0.259
105,35,0.262
105,36,0.258
105,37,0.269
105,38,0.268
105,39,0.272
105,40,0.277
105,41,0.279
105,42,0.288
105,43,0.29
105,44,0.24
105,45,0.258
105,46,0.203
105,47,0.186
105,48,
105,49,0.151
105,50,0.148
105,51,0.146
105,52,0.137
105,53,0.139
105,54,0.139
105,55,0.144
105,56,0.161
105,57,0.163
105,58,0.16
105,59,0.182
105,60,0.188
105,61,0.197
105,62,0.193
105,63,0.186
105,64,0.188
105,65,0.193
105,66,0.177
105,67,0.179
105,68,0.179
105,69,0.171
105,70,0.166
107,23,
107,24,
107,25,
107,26,
107,27,
107,28,
107,29,
107,30,
107,31,
107,32,
107,33,
107,34,
107,35,
107,36,
107,37,
107,38,
107,39,
107,40,
107,41,
107,42,
107,43,
107,44,
107,45,
107,46,0.205
107,47,0.167
107,48,0.179
107,49,0.175
107,50,0.167
107,51,0.158
107,52,0.155
107,53,0.141
107,54,0.137
107,55,0.143
107,56,0.119
107,57,0.161
107,58,0.168
107,59,0.174
107,60,0.137
107,61,0.152
107,62,0.149
107,63,0.162
107,64,0.173
107,65,0.182
107,66,0.204
107,67,0.207
107,68,0.203
107,69,0.19
107,70,0.192
108,23,
108,24,
108,25,
108,26,
108,27,
108,28,
108,29,
108,30,
108,31,
108,32,
108,33,
108,34,
108,35,
108,36,
108,37,
108,38,
108,39,
108,40,
108,41,
108,42,
108,43,
108,44,
108,45,
108,46,
108,47,
108,48,
108,49,
108,50,
108,51,
108,52,
108,53,
108,54,
108,55,
108,56,0.223
108,57,
108,58,0.192
108,59,
108,60,0.175
108,61,
108,62,
108,63,0.2
108,64,0.196
108,65,0.179
108,66,0.178
108,67,0.176
108,68,0.175
108,69,0.175
108,70,0.171
109,23,
109,24,
109,25,
109,26,
109,27,
109,28,
109,29,
109,30,
109,31,
109,32,
109,33,
109,34,
109,35,
109,36,
109,37,
109,38,
109,39,
109,40,
109,41,
109,42,
109,43,0.364
109,44,0.361
109,45,0.358
109,46,0.346
109,47,0.233
109,48,0.343
109,49,0.355
109,50,0.354
109,51,0.34
109,52,0.334
109,53,0.319
109,54,0.312
109,55,0.201
109,56,0.202
109,57,0.195
109,58,0.195
109,59,0.203
109,60,0.211
109,61,0.217
109,62,0.217
109,63,0.221
109,64,0.218
109,65,0.214
109,66,0.175
109,67,0.177
109,68,
109,69,
109,70,
110,23,
110,24,
110,25,
110,26,
110,27,
110,28,
110,29,
110,30,
110,31,
110,32,
110,33,
110,34,
110,35,
110,36,
110,37,
110,38,
110,39,
110,40,
110,41,
110,42,
110,43,
110,44,
110,45,
110,46,
110,47,
110,48,
110,49,
110,50,
110,51,
110,52,
110,53,
110,54,
110,55,
110,56,0.0338
110,57,
110,58,
110,59,
110,60,
110,61,
110,62,
110,63,
110,64,
110,65,
110,66,
110,67,
110,68,0.0774
110,69,
110,70,
111,23,
111,24,
111,25,
111,26,
111,27,
111,28,
111,29,
111,30,
111,31,0.0945
111,32,0.0959
111,33,0.0975
111,34,0.0994
111,35,0.102
111,36,0.103
111,37,0.105
111,38,0.107
111,39,0.108
111,40,0.111
111,41,0.111
111,42,0.11
111,43,0.0924
111,44,
111,45,0.09
111,46,0.0961
111,47,0.0979
111,48,
111,49,
111,50,0.117
111,51,0.12
111,52,
111,53,
111,54,
111,55,
111,56,
111,57,
111,58,
111,59,
111,60,
111,61,
111,62,
111,63,
111,64,
111,65,
111,66,
111,67,
111,68,0.167
111,69,
111,70,0.159
112,23,
112,24,
112,25,
112,26,
112,27,
112,28,
112,29,
112,30,
112,31,
112,32,
112,33,
112,34,
112,35,
112,36,
112,37,
112,38,
112,39,
112,40,
112,41,
112,42,
112,43,
112,44,0.15
112,45,
112,46,
112,47,
112,48,
112,49,
112,50,0.142
112,51,
112,52,
112,53,0.122
112,54,
112,55,
112,56,
112,57,0.148
112,58,
112,59,
112,60,
112,61,0.177
112,62,
112,63,0.124
112,64,
112,65,0.139
112,66,0.143
112,67,0.148
112,68,
112,69,0.193
112,70,
114,23,
114,24,
114,25,
114,26,
114,27,
114,28,
114,29,
114,30,
114,31,
114,32,
114,33,
114,34,
114,35,
114,36,
114,37,
114,38,
114,39,
114,40,
114,41,
114,42,
114,43,
114,44,0.0272
114,45,
114,46,
114,47,
114,48,
114,49,
114,50,
114,51,
114,52,0.0984
114,53,
114,54,
114,55,
114,56,
114,57,
114,58,
114,59,
114,60,
114,61,0.0739
114,62,
114,63,
114,64,
114,65,
114,66,
114,67,
114,68,
114,69,
114,70,
115,23,0.389
115,24,0.38
115,25,0.37
115,26,0.365
115,27,0.358
115,28,0.349
115,29,0.336
115,30,0.347
115,31,0.33
115,32,0.329
115,33,0.314
115,34,0.308
115,35,0.287
115,36,0.287
115,37,0.283
115,38,0.28
115,39,0.268
115,40,0.267
115,41,0.264
115,42,0.266
115,43,0.262
115,44,0.254
115,45,0.236
115,46,0.236
115,47,0.229
115,48,0.226
115,49,0.218
115,50,0.215
115,51,0.217
115,52,0.212
115,53,0.202
115,54,0.204
115,55,0.19
115,56,0.192
115,57,0.191
115,58,0.196
115,59,0.193
115,60,0.185
115,61,0.176
115,62,0.166
115,63,0.159
115,64,0.153
115,65,0.155
115,66,0.151
115,67,0.15
115,68,0.152
115,69,0.151
115,70,0.149
116,23,
116,24,
116,25,
116,26,
116,27,
116,28,
116,29,
116,30,
116,31,
116,32,
116,33,
116,34,
116,35,
116,36,
116,37,
116,38,
116,39,
116,40,
116,41,
116,42,
116,43,
116,44,0.237
116,45,0.232
116,46,0.236
116,47,0.253
116,48,0.253
116,49,
116,50,0.24
116,51,0.241
116,52,0.231
116,53,0.232
116,54,0.228
116,55,0.227
116,56,0.224
116,57,0.228
116,58,0.222
116,59,0.224
116,60,0.22
116,61,0.216
116,62,0.211
116,63,0.209
116,64,0.203
116,65,0.202
116,66,0.202
116,67,0.207
116,68,0.219
116,69,0.202
116,70,0.205
117,23,
117,24,
117,25,
117,26,
117,27,
117,28,
117,29,
117,30,
117,31,
117,32,
117,33,
117,34,
117,35,
117,36,
117,37,
117,38,
117,39,
117,40,
117,41,
117,42,
117,43,0.129
117,44,0.133
117,45,0.129
117,46,0.132
117,47,0.134
117,48,0.136
117,49,0.138
117,50,0.138
117,51,0.139
117,52,0.149
117,53,0.147
117,54,0.147
117,55,
117,56,0.179
117,57,0.184
117,58,0.197
117,59,0.193
117,60,0.202
117,61,0.196
117,62,0.186
117,63,
117,64,
117,65,0.164
117,66,
117,67,0.175
117,68,
117,69,
117,70,
118,23,
118,24,
118,25,
118,26,
118,27,
118,28,
118,29,
118,30,
118,31,
118,32,
118,33,
118,34,
118,35,
118,36,
118,37,
118,38,
118,39,
118,40,
118,41,
118,42,
118,43,
118,44,
118,45,
118,46,
118,47,
118,48,
118,49,
118,50,
118,51,
118,52,
118,53,
118,54,
118,55,
118,56,
118,57,
118,58,
118,59,
118,60,
118,61,
118,62,
118,63,
118,64,0.0725
118,65,
118,66,
118,67,
118,68,
118,69,
118,70,
119,23,
119,24,
119,25,
119,26,
119,27,
119,28,
119,29,
119,30,
119,31,
119,32,
119,33,
119,34,
119,35,
119,36,0.0574
119,37,
119,38,
119,39,0.0748
119,40,
119,41,
119,42,
119,43,
119,44,
119,45,
119,46,
119,47,
119,48,
119,49,
119,50,
119,51,
119,52,
119,53,
119,54,
119,55,
119,56,
119,57,0.115
119,58,
119,59,
119,60,
119,61,
119,62,
119,63,0.0983
119,64,
119,65,
119,66,0.117
119,67,
119,68,
119,69,
119,70,
120,23,
120,24,
120,25,
120,26,
120,27,
120,28,
120,29,
120,30,
120,31,
120,32,
120,33,
120,34,
120,35,
120,36,
120,37,
120,38,
120,39,
120,40,
120,41,
120,42,
120,43,
120,44,
120,45,
120,46,
120,47,
120,48,
120,49,
120,50,
120,51,
120,52,
120,53,
120,54,
120,55,0.333
120,56,0.339
120,57,
120,58,
120,59,0.326
120,60,0.313
120,61,
120,62,
120,63,
120,64,0.3
120,65,0.299
120,66,0.304
120,67,0.304
120,68,0.305
120,69,0.303
120,70,0.306
121,23,
121,24,
121,25,0.342
121,26,0.339
121,27,0.342
121,28,0.344
121,29,0.331
121,30,0.324
121,31,0.316
121,32,0.301
121,33,0.292
121,34,0.288
121,35,0.281
121,36,0.269
121,37,0.272
121,38,0.268
121,39,0.266
121,40,0.266
121,41,0.259
121,42,0.249
121,43,0.243
121,44,0.232
121,45,0.231
121,46,0.227
121,47,0.23
121,48,0.23
121,49,0.23
121,50,0.234
121,51,0.228
121,52,0.223
121,53,0.218
121,54,0.217
121,55,0.216
121,56,0.216
121,57,0.208
121,58,0.208
121,59,0.208
121,60,0.212
121,61,0.206
121,62,0.202
121,63,0.197
121,64,0.202
121,65,0.202
121,66,0.203
121,67,0.204
121,68,0.201
121,69,0.194
121,70,0.194
122,23,
122,24,
122,25,
122,26,
122,27,
122,28,
122,29,
122,30,
122,31,
122,32,
122,33,
122,34,
122,35,
122,36,
122,37,
122,38,
122,39,
122,40,
122,41,
122,42,
122,43,
122,44,
122,45,
122,46,0.0746
122,47,
122,48,
122,49,0.0766
122,50,
122,51,
122,52,
122,53,0.112
122,54,
122,55,
122,56,
122,57,
122,58,
122,59,
122,60,
122,61,0.26
122,62,
122,63,0.369
122,64,
122,65,
122,66,
122,67,
122,68,
122,69,
122,70,
123,23,
123,24,
123,25,
123,26,0.167
123,27,0.185
123,28,0.185
123,29,0.185
123,30,0.185
123,31,0.185
123,32,0.203
123,33,0.203
123,34,0.203
123,35,0.203
123,36,0.195
123,37,0.195
123,38,0.201
123,39,0.192
123,40,0.21
123,41,0.198
123,42,0.198
123,43,0.198
123,44,0.198
123,45,0.196
123,46,0.188
123,47,0.175
123,48,0.185
123,49,0.185
123,50,0.189
123,51,0.171
123,52,0.171
123,53,0.18
123,54,0.18
123,55,0.208
123,56,0.208
123,57,0.203
123,58,0.203
123,59,0.207
123,60,0.21
123,61,0.201
123,62,0.21
123,63,0.214
123,64,0.218
123,65,
123,66,0.229
123,67,0.229
123,68,0.24
123,69,0.236
123,70,
124,23,
124,24,
124,25,
124,26,
124,27,
124,28,
124,29,
124,30,
124,31,
124,32,
124,33,
124,34,
124,35,
124,36,
124,37,
124,38,
124,39,
124,40,
124,41,
124,42,
124,43,
124,44,
124,45,
124,46,
124,47,
124,48,0.15
124,49,
124,50,
124,51,
124,52,
124,53,0.138
124,54,
124,55,
124,56,
124,57,
124,58,
124,59,
124,60,0.133
124,61,0.118
124,62,
124,63,
124,64,
124,65,
124,66,
124,67,
124,68,
124,69,
124,70,
125,23,
125,24,
125,25,
125,26,
125,27,
125,28,
125,29,
125,30,
125,31,
125,32,
125,33,
125,34,
125,35,
125,36,
125,37,
125,38,
125,39,
125,40,
125,41,
125,42,
125,43,
125,44,
125,45,
125,46,
125,47,
125,48,0.392
125,49,0.284
125,50,0.349
125,51,0.38
125,52,0.38
125,53,0.341
125,54,0.283
125,55,0.237
125,56,0.256
125,57,0.244
125,58,0.261
125,59,0.237
125,60,0.238
125,61,0.234
125,62,0.18
125,63,0.25
125,64,0.261
125,65,0.27
125,66,0.284
125,67,0.284
125,68,0.291
125,69,0.306
125,70,0.311
126,23,0.162
126,24,0.169
126,25,0.177
126,26,
126,27,0.179
126,28,0.17
126,29,0.176
126,30,0.168
126,31,0.165
126,32,0.173
126,33,
126,34,
126,35,0.179
126,36,0.175
126,37,0.164
126,38,0.174
126,39,0.168
126,40,0.172
126,41,0.143
126,42,0.147
126,43,
126,44,0.144
126,45,0.17
126,46,0.176
126,47,0.184
126,48,0.181
126,49,0.184
126,50,0.184
126,51,0.181
126,52,0.182
126,53,0.174
126,54,0.173
126,55,0.17
126,56,0.172
126,57,0.176
126,58,0.172
126,59,0.181
126,60,0.193
126,61,0.191
126,62,0.192
126,63,0.187
126,64,0.187
126,65,0.183
126,66,0.201
126,67,0.201
126,68,0.187
126,69,0.184
126,70,0.186
127,23,
127,24,
127,25,
127,26,
127,27,
127,28,
127,29,
127,30,
127,31,
127,32,
127,33,
127,34,
127,35,
127,36,
127,37,
127,38,
127,39,
127,40,
127,41,
127,42,
127,43,
127,44,
127,45,
127,46,
127,47,
127,48,
127,49,
127,50,
127,51,
127,52,
127,53,0.0364
127,54,
127,55,
127,56,
127,57,
127,58,
127,59,
127,60,
127,61,
127,62,
127,63,0.0562
127,64,
127,65,
127,66,
127,67,
127,68,
127,69,
127,70,
128,23,
128,24,
128,25,
128,26,
128,27,
128,28,
128,29,
128,30,
128,31,
128,32,
128,33,
128,34,
128,35,0.264
128,36,0.269
128,37,0.271
128,38,0.286
128,39,0.265
128,40,0.257
128,41,0.254
128,42,0.276
128,43,0.276
128,44,0.263
128,45,0.269
128,46,0.258
128,47,0.269
128,48,0.167
128,49,0.22
128,50,0.186
128,51,0.182
128,52,0.181
128,53,0.169
128,54,0.169
128,55,0.156
128,56,0.16
128,57,0.166
128,58,0.158
128,59,0.169
128,60,0.183
128,61,0.191
128,62,0.176
128,63,0.192
128,64,0.178
128,65,0.169
128,66,0.175
128,67,0.191
128,68,0.197
128,69,0.194
128,70,0.2
129,23,
129,24,
129,25,
129,26,
129,27,
129,28,
129,29,
129,30,
129,31,
129,32,
129,33,
129,34,
129,35,
129,36,
129,37,
129,38,
129,39,0.298
129,40,0.288
129,41,
129,42,0.26
129,43,0.273
129,44,0.245
129,45,0.236
129,46,0.244
129,47,0.262
129,48,
129,49,0.215
129,50,0.208
129,51,0.202
129,52,0.187
129,53,0.189
129,54,0.179
129,55,0.144
129,56,0.133
129,57,0.144
129,58,0.141
129,59,0.148
129,60,0.163
129,61,0.164
129,62,0.164
129,63,0.169
129,64,0.165
129,65,0.17
129,66,0.17
129,67,0.164
129,68,0.166
129,69,0.162
129,70,0.157
130,23,
130,24,0.157
130,25,0.146
130,26,0.132
130,27,0.138
130,28,0.147
130,29,0.152
130,30,0.152
130,31,0.151
130,32,
130,33,0.154
130,34,0.142
130,35,0.142
130,36,0.138
130,37,0.143
130,38,0.138
130,39,0.134
130,40,0.146
130,41,0.156
130,42,0.158
130,43,0.15
130,44,0.16
130,45,0.16
130,46,0.155
130,47,0.158
130,48,0.156
130,49,0.166
130,50,0.167
130,51,0.164
130,52,0.163
130,53,0.162
130,54,0.146
130,55,0.156
130,56,0.144
130,57,0.148
130,58,0.146
130,59,0.147
130,60,0.144
130,61,0.137
130,62,0.134
130,63,0.136
130,64,0.133
130,65,0.153
130,66,0.156
130,67,0.159
130,68,
130,69,0.174
130,70,0.183
131,23,
131,24,
131,25,
131,26,
131,27,
131,28,
131,29,
131,30,
131,31,
131,32,
131,33,
131,34,0.389
131,35,0.38
131,36,0.378
131,37,0.382
131,38,0.381
131,39,0.375
131,40,0.375
131,41,0.377
131,42,0.38
131,43,0.37
131,44,0.36
131,45,0.346
131,46,
131,47,0.319
131,48,0.32
131,49,0.317
131,50,
131,51,
131,52,
131,53,0.311
131,54,0.307
131,55,0.285
131,56,0.286
131,57,0.29
131,58,0.292
131,59,0.3
131,60,0.307
131,61,0.319
131,62,0.311
131,63,0.303
131,64,0.307
131,65,0.304
131,66,0.305
131,67,0.305
131,68,0.304
131,69,0.313
131,70,0.315
132,23,
132,24,
132,25,
132,26,
132,27,0.345
132,28,0.34
132,29,0.335
132,30,0.331
132,31,0.353
132,32,0.349
132,33,0.364
132,34,0.368
132,35,0.373
132,36,0.354
132,37,0.338
132,38,0.338
132,39,0.338
132,40,0.339
132,41,0.345
132,42,0.345
132,43,0.339
132,44,0.339
132,45,0.324
132,46,0.329
132,47,0.325
132,48,0.322
132,49,0.313
132,50,0.31
132,51,0.352
132,52,0.344
132,53,0.344
132,54,0.335
132,55,0.333
132,56,0.327
132,57,0.311
132,58,0.304
132,59,0.303
132,60,0.302
132,61,0.29
132,62,0.278
132,63,0.273
132,64,0.269
132,65,0.251
132,66,0.237
132,67,0.239
132,68,0.244
132,69,0.245
132,70,0.247
133,23,
133,24,
133,25,
133,26,
133,27,
133,28,
133,29,
133,30,
133,31,
133,32,
133,33,
133,34,
133,35,
133,36,
133,37,
133,38,
133,39,
133,40,
133,41,
133,42,
133,43,
133,44,
133,45,
133,46,
133,47,
133,48,
133,49,
133,50,0.331
133,51,
133,52,
133,53,
133,54,0.382
133,55,
133,56,
133,57,0.41
133,58,
133,59,0.416
133,60,0.518
133,61,0.596
133,62,0.584
133,63,
133,64,0.541
133,65,0.518
133,66,0.516
133,67,
133,68,0.541
133,69,0.545
133,70,0.545
134,23,0.308
134,24,0.328
134,25,0.345
134,26,0.362
134,27,0.377
134,28,0.388
134,29,0.403
134,30,0.415
134,31,0.425
134,32,0.438
134,33,0.438
134,34,0.438
134,35,0.443
134,36,0.442
134,37,0.442
134,38,0.445
134,39,0.447
134,40,0.448
134,41,0.448
134,42,0.451
134,43,0.435
134,44,0.399
134,45,0.371
134,46,0.358
134,47,0.329
134,48,0.309
134,49,0.315
134,50,0.303
134,51,0.288
134,52,0.271
134,53,0.258
134,54,0.259
134,55,0.296
134,56,0.291
134,57,0.311
134,58,0.304
134,59,0.307
134,60,0.314
134,61,0.316
134,62,0.3
134,63,0.283
134,64,0.286
134,65,0.282
134,66,0.283
134,67,0.289
134,68,0.285
134,69,0.299
134,70,0.301
135,23,
135,24,
135,25,
135,26,
135,27,
135,28,
135,29,
135,30,
135,31,
135,32,
135,33,
135,34,
135,35,
135,36,
135,37,
135,38,
135,39,
135,40,
135,41,
135,42,
135,43,0.402
135,44,0.398
135,45,0.388
135,46,0.38
135,47,0.359
135,48,0.34
135,49,0.325
135,50,0.3
135,51,0.291
135,52,0.29
135,53,0.292
135,54,0.302
135,55,0.302
135,56,0.302
135,57,0.296
135,58,0.296
135,59,0.293
135,60,0.292
135,61,0.29
135,62,0.275
135,63,0.277
135,64,0.274
135,65,0.278
135,66,0.277
135,67,0.275
135,68,0.272
135,69,0.269
135,70,0.27
136,23,
136,24,
136,25,
136,26,
136,27,
136,28,
136,29,
136,30,
136,31,
136,32,
136,33,
136,34,
136,35,
136,36,
136,37,
136,38,
136,39,
136,40,
136,41,
136,42,0.029
136,43,
136,44,
136,45,
136,46,
136,47,
136,48,
136,49,
136,50,
136,51,
136,52,
136,53,
136,54,
136,55,0.0275
136,56,
136,57,
136,58,0.038
136,59,
136,60,
136,61,
136,62,
136,63,
136,64,
136,65,0.0675
136,66,
136,67,0.0791
136,68,
136,69,
136,70,0.166
137,23,
137,24,
137,25,
137,26,
137,27,
137,28,
137,29,0.363
137,30,
137,31,
137,32,
137,33,
137,34,
137,35,
137,36,
137,37,
137,38,
137,39,
137,40,
137,41,
137,42,
137,43,
137,44,
137,45,
137,46,
137,47,
137,48,
137,49,
137,50,
137,51,
137,52,
137,53,
137,54,0.197
137,55,
137,56,
137,57,
137,58,
137,59,0.218
137,60,
137,61,
137,62,
137,63,
137,64,0.122
137,65,0.148
137,66,
137,67,0.148
137,68,
137,69,
137,70,
138,23,
138,24,
138,25,
138,26,
138,27,0.513
138,28,0.468
138,29,0.489
138,30,0.502
138,31,0.486
138,32,0.484
138,33,0.491
138,34,0.485
138,35,0.473
138,36,0.462
138,37,0.458
138,38,0.468
138,39,0.463
138,40,0.455
138,41,0.449
138,42,0.446
138,43,0.438
138,44,0.433
138,45,0.419
138,46,0.416
138,47,
138,48,0.41
138,49,0.408
138,50,0.404
138,51,0.406
138,52,0.402
138,53,
138,54,0.412
138,55,0.407
138,56,0.412
138,57,0.409
138,58,0.394
138,59,0.388
138,60,0.378
138,61,0.369
138,62,0.348
138,63,0.343
138,64,
138,65,
138,66,
138,67,
138,68,0.326
138,69,0.328
138,70,
139,23,
139,24,
139,25,
139,26,
139,27,
139,28,
139,29,
139,30,
139,31,
139,32,
139,33,
139,34,
139,35,
139,36,
139,37,
139,38,
139,39,
139,40,
139,41,
139,42,
139,43,
139,44,0.136
139,45,
139,46,
139,47,
139,48,
139,49,
139,50,
139,51,
139,52,
139,53,
139,54,
139,55,
139,56,0.189
139,57,0.19
139,58,0.172
139,59,0.145
139,60,
139,61,
139,62,
139,63,
139,64,
139,65,
139,66,
139,67,
139,68,
139,69,
139,70,
140,23,
140,24,
140,25,
140,26,
140,27,
140,28,
140,29,
140,30,
140,31,
140,32,
140,33,
140,34,
140,35,
140,36,
140,37,
140,38,
140,39,
140,40,
140,41,
140,42,
140,43,
140,44,
140,45,0.259
140,46,
140,47,
140,48,
140,49,
140,50,
140,51,
140,52,0.21
140,53,0.199
140,54,0.21
140,55,0.209
140,56,
140,57,
140,58,
140,59,0.203
140,60,0.208
140,61,0.198
140,62,0.204
140,63,
140,64,
140,65,0.247
140,66,0.238
140,67,0.23
140,68,0.227
140,69,0.245
140,70,
141,23,
141,24,
141,25,
141,26,
141,27,
141,28,
141,29,
141,30,
141,31,
141,32,
141,33,
141,34,
141,35,
141,36,
141,37,
141,38,
141,39,
141,40,
141,41,
141,42,
141,43,
141,44,
141,45,
141,46,
141,47,
141,48,
141,49,
141,50,
141,51,
141,52,
141,53,
141,54,0.124
141,55,
141,56,
141,57,
141,58,
141,59,0.148
141,60,
141,61,
141,62,
141,63,
141,64,0.181
141,65,
141,66,
141,67,
141,68,0.129
141,69,
141,70,
142,23,
142,24,
142,25,
142,26,
142,27,
142,28,
142,29,
142,30,
142,31,
142,32,
142,33,
142,34,
142,35,
142,36,
142,37,
142,38,
142,39,
142,40,
142,41,
142,42,
142,43,
142,44,
142,45,
142,46,
142,47,
142,48,
142,49,
142,50,
142,51,
142,52,
142,53,
142,54,
142,55,
142,56,
142,57,0.269
142,58,0.276
142,59,0.293
142,60,0.294
142,61,0.262
142,62,0.253
142,63,0.256
142,64,0.268
142,65,0.265
142,66,0.259
142,67,0.247
142,68,0.245
142,69,0.244
142,70,0.253
143,23,
143,24,
143,25,
143,26,
143,27,
143,28,
143,29,
143,30,
143,31,
143,32,
143,33,
143,34,
143,35,
143,36,
143,37,
143,38,
143,39,
143,40,
143,41,
143,42,
143,43,
143,44,
143,45,
143,46,
143,47,
143,48,
143,49,
143,50,
143,51,
143,52,
143,53,
143,54,
143,55,
143,56,
143,57,
143,58,
143,59,
143,60,
143,61,
143,62,
143,63,
143,64,0.179
143,65,0.228
143,66,0.244
143,67,0.149
143,68,0.154
143,69,0.148
143,70,0.137
144,23,
144,24,
144,25,
144,26,
144,27,
144,28,
144,29,
144,30,
144,31,
144,32,
144,33,
144,34,
144,35,
144,36,
144,37,
144,38,
144,39,
144,40,
144,41,
144,42,
144,43,
144,44,
144,45,
144,46,
144,47,
144,48,
144,49,
144,50,
144,51,
144,52,
144,53,
144,54,
144,55,
144,56,0.0419
144,57,0.0651
144,58,
144,59,
144,60,
144,61,
144,62,
144,63,
144,64,
144,65,
144,66,
144,67,0.06
144,68,
144,69,
144,70,
145,23,0.301
145,24,
145,25,
145,26,0.317
145,27,0.35
145,28,0.323
145,29,0.332
145,30,0.332
145,31,0.347
145,32,0.353
145,33,0.357
145,34,0.371
145,35,0.367
145,36,0.359
145,37,0.369
145,38,0.352
145,39,0.347
145,40,0.35
145,41,0.359
145,42,0.362
145,43,0.379
145,44,0.352
145,45,0.346
145,46,0.339
145,47,0.327
145,48,0.31
145,49,0.303
145,50,0.302
145,51,0.295
145,52,0.289
145,53,0.338
145,54,0.258
145,55,0.251
145,56,0.25
145,57,0.239
145,58,0.217
145,59,0.233
145,60,0.236
145,61,0.238
145,62,
145,63,0.304
145,64,0.196
145,65,0.192
145,66,0.186
145,67,0.165
145,68,0.163
145,69,0.273
145,70,
146,23,
146,24,
146,25,
146,26,
146,27,
146,28,
146,29,
146,30,
146,31,
146,32,
146,33,
146,34,
146,35,
146,36,
146,37,
146,38,
146,39,
146,40,
146,41,
146,42,
146,43,
146,44,
146,45,
146,46,
146,47,0.396
146,48,0.389
146,49,0.395
146,50,0.393
146,51,0.394
146,52,0.384
146,53,0.372
146,54,0.37
146,55,0.381
146,56,0.381
146,57,0.391
146,58,0.388
146,59,0.388
146,60,0.394
146,61,0.401
146,62,0.379
146,63,0.371
146,64,0.375
146,65,0.375
146,66,0.358
146,67,0.354
146,68,0.361
146,69,0.365
146,70,0.372
147,23,
147,24,
147,25,
147,26,
147,27,
147,28,
147,29,
147,30,
147,31,
147,32,
147,33,
147,34,
147,35,
147,36,
147,37,
147,38,
147,39,
147,40,
147,41,
147,42,
147,43,
147,44,
147,45,
147,46,0.441
147,47,0.422
147,48,0.431
147,49,0.419
147,50,0.404
147,51,0.393
147,52,0.377
147,53,0.374
147,54,0.382
147,55,0.385
147,56,0.369
147,57,0.36
147,58,0.369
147,59,0.353
147,60,0.349
147,61,0.35
147,62,0.33
147,63,0.325
147,64,0.315
147,65,0.308
147,66,0.309
147,67,0.308
147,68,0.316
147,69,0.329
147,70,0.33
149,23,
149,24,
149,25,
149,26,
149,27,
149,28,
149,29,
149,30,
149,31,
149,32,
149,33,
149,34,
149,35,
149,36,
149,37,
149,38,
149,39,
149,40,
149,41,
149,42,
149,43,
149,44,
149,45,
149,46,
149,47,
149,48,
149,49,
149,50,
149,51,
149,52,
149,53,0.27
149,54,0.278
149,55,0.284
149,56,0.279
149,57,0.288
149,58,0.284
149,59,0.284
149,60,0.283
149,61,0.258
149,62,0.253
149,63,0.244
149,64,0.242
149,65,0.234
149,66,0.235
149,67,0.234
149,68,0.238
149,69,0.233
149,70,0.233
150,23,0.175
150,24,0.179
150,25,0.183
150,26,0.2
150,27,0.22
150,28,0.238
150,29,0.264
150,30,0.275
150,31,0.295
150,32,0.301
150,33,0.29
150,34,0.278
150,35,0.279
150,36,0.291
150,37,0.307
150,38,0.308
150,39,0.319
150,40,0.34
150,41,0.349
150,42,0.352
150,43,0.354
150,44,0.36
150,45,0.358
150,46,0.34
150,47,0.336
150,48,0.334
150,49,0.326
150,50,0.314
150,51,0.28
150,52,0.275
150,53,0.281
150,54,0.275
150,55,0.273
150,56,0.276
150,57,0.275
150,58,0.269
150,59,0.263
150,60,0.259
150,61,0.255
150,62,0.245
150,63,0.25
150,64,0.249
150,65,0.246
150,66,0.245
150,67,0.248
150,68,0.252
150,69,0.25
150,70,0.251
152,23,0.372
152,24,0.373
152,25,0.363
152,26,0.367
152,27,0.371
152,28,0.383
152,29,0.371
152,30,0.372
152,31,0.37
152,32,0.364
152,33,0.359
152,34,0.352
152,35,0.34
152,36,0.334
152,37,0.326
152,38,0.317
152,39,0.318
152,40,0.324
152,41,0.326
152,42,0.327
152,43,0.335
152,44,0.33
152,45,0.328
152,46,0.31
152,47,0.303
152,48,0.302
152,49,0.295
152,50,0.299
152,51,0.305
152,52,0.307
152,53,0.308
152,54,0.315
152,55,0.31
152,56,0.307
152,57,0.302
152,58,0.296
152,59,0.294
152,60,0.291
152,61,0.278
152,62,0.246
152,63,0.23
152,64,0.218
152,65,0.207
152,66,0.198
152,67,0.194
152,68,0.199
152,69,0.196
152,70,0.201
153,23,
153,24,
153,25,
153,26,
153,27,
153,28,
153,29,
153,30,
153,31,
153,32,
153,33,
153,34,0.186
153,35,
153,36,
153,37,
153,38,0.188
153,39,
153,40,
153,41,
153,42,
153,43,0.206
153,44,0.257
153,45,0.194
153,46,0.201
153,47,0.195
153,48,0.234
153,49,0.224
153,50,0.235
153,51,0.225
153,52,
153,53,
153,54,
153,55,0.224
153,56,0.23
153,57,0.357
153,58,0.256
153,59,0.266
153,60,0.266
153,61,0.358
153,62,0.251
153,63,0.242
153,64,
153,65,0.261
153,66,0.262
153,67,0.265
153,68,0.26
153,69,0.264
153,70,0.284
154,23,
154,24,
154,25,
154,26,0.0922
154,27,0.0944
154,28,0.101
154,29,0.0953
154,30,0.109
154,31,0.123
154,32,0.125
154,33,
154,34,0.122
154,35,0.116
154,36,0.193
154,37,0.243
154,38,
154,39,
154,40,
154,41,
154,42,
154,43,
154,44,
154,45,
154,46,
154,47,
154,48,
154,49,
154,50,
154,51,
154,52,
154,53,
154,54,0.488
154,55,
154,56,
154,57,
154,58,
154,59,
154,60,
154,61,
154,62,
154,63,
154,64,
154,65,
154,66,
154,67,
154,68,
154,69,
154,70,
155,23,
155,24,
155,25,
155,26,
155,27,
155,28,
155,29,
155,30,
155,31,
155,32,
155,33,
155,34,
155,35,
155,36,
155,37,
155,38,
155,39,
155,40,
155,41,
155,42,
155,43,
155,44,
155,45,
155,46,0.219
155,47,0.209
155,48,0.254
155,49,0.225
155,50,0.202
155,51,0.187
155,52,0.192
155,53,0.203
155,54,
155,55,0.169
155,56,0.159
155,57,0.161
155,58,0.193
155,59,0.196
155,60,
155,61,
155,62,
155,63,
155,64,
155,65,
155,66,
155,67,
155,68,0.153
155,69,0.157
155,70,
156,23,
156,24,
156,25,
156,26,
156,27,
156,28,
156,29,
156,30,
156,31,
156,32,
156,33,0.197
156,34,
156,35,
156,36,
156,37,
156,38,
156,39,
156,40,
156,41,
156,42,
156,43,
156,44,0.212
156,45,
156,46,
156,47,
156,48,
156,49,
156,50,
156,51,
156,52,
156,53,
156,54,0.197
156,55,
156,56,
156,57,
156,58,
156,59,
156,60,
156,61,
156,62,
156,63,
156,64,
156,65,
156,66,
156,67,
156,68,
156,69,
156,70,
157,23,
157,24,
157,25,
157,26,
157,27,
157,28,
157,29,
157,30,
157,31,
157,32,
157,33,
157,34,
157,35,
157,36,
157,37,
157,38,
157,39,
157,40,
157,41,
157,42,
157,43,
157,44,
157,45,
157,46,
157,47,
157,48,
157,49,
157,50,
157,51,
157,52,
157,53,
157,54,
157,55,
157,56,
157,57,
157,58,
157,59,
157,60,
157,61,
157,62,
157,63,
157,64,0.153
157,65,
157,66,
157,67,
157,68,
157,69,
157,70,
158,23,
158,24,
158,25,
158,26,0.26
158,27,0.257
158,28,0.261
158,29,0.254
158,30,0.236
158,31,0.213
158,32,0.211
158,33,
158,34,
158,35,0.134
158,36,0.218
158,37,0.208
158,38,0.201
158,39,0.193
158,40,0.176
158,41,0.15
158,42,0.174
158,43,0.193
158,44,
158,45,0.183
158,46,0.187
158,47,0.19
158,48,0.212
158,49,0.236
158,50,0.222
158,51,0.25
158,52,0.145
158,53,
158,54,
158,55,
158,56,
158,57,0.229
158,58,
158,59,
158,60,
158,61,
158,62,
158,63,
158,64,
158,65,
158,66,0.224
158,67,
158,68,0.229
158,69,
158,70,
159,23,0.381
159,24,0.373
159,25,0.365
159,26,0.365
159,27,0.367
159,28,0.361
159,29,0.354
159,30,0.343
159,31,0.33
159,32,0.325
159,33,0.322
159,34,0.313
159,35,0.303
159,36,0.299
159,37,0.298
159,38,0.298
159,39,0.297
159,40,0.299
159,41,0.295
159,42,0.295
159,43,
159,44,
159,45,
159,46,
159,47,
159,48,0.255
159,49,0.258
159,50,0.255
159,51,0.259
159,52,0.25
159,53,0.244
159,54,0.237
159,55,0.229
159,56,0.226
159,57,0.224
159,58,0.22
159,59,0.219
159,60,0.216
159,61,0.212
159,62,0.201
159,63,0.199
159,64,0.198
159,65,0.195
159,66,0.191
159,67,0.185
159,68,0.182
159,69,0.181
159,70,0.181
160,23,0.459
160,24,0.459
160,25,0.454
160,26,0.449
160,27,0.443
160,28,0.422
160,29,0.409
160,30,0.405
160,31,0.401
160,32,0.382
160,33,0.381
160,34,0.379
160,35,0.369
160,36,0.36
160,37,0.357
160,38,0.356
160,39,0.353
160,40,0.344
160,41,0.336
160,42,0.33
160,43,0.322
160,44,0.283
160,45,0.273
160,46,0.265
160,47,0.266
160,48,0.277
160,49,0.254
160,50,0.245
160,51,0.241
160,52,0.238
160,53,0.241
160,54,0.243
160,55,0.231
160,56,0.223
160,57,0.221
160,58,0.223
160,59,0.225
160,60,0.224
160,61,0.211
160,62,0.209
160,63,0.214
160,64,0.213
160,65,0.208
160,66,0.21
160,67,0.206
160,68,0.202
160,69,0.201
160,70,0.2
161,23,0.213
161,24,0.165
161,25,0.186
161,26,0.168
161,27,0.189
161,28,0.199
161,29,0.289
161,30,0.238
161,31,0.271
161,32,0.312
161,33,
161,34,
161,35,
161,36,0.292
161,37,0.33
161,38,
161,39,
161,40,
161,41,
161,42,0.273
161,43,
161,44,0.25
161,45,
161,46,0.266
161,47,0.313
161,48,0.305
161,49,
161,50,0.332
161,51,
161,52,0.283
161,53,0.261
161,54,0.255
161,55,0.269
161,56,0.256
161,57,
161,58,
161,59,0.283
161,60,0.291
161,61,
161,62,
161,63,
161,64,0.314
161,65,
161,66,
161,67,
161,68,
161,69,
161,70,
162,23,
162,24,
162,25,
162,26,
162,27,
162,28,
162,29,
162,30,
162,31,
162,32,
162,33,
162,34,
162,35,
162,36,
162,37,
162,38,
162,39,
162,40,
162,41,
162,42,
162,43,
162,44,
162,45,
162,46,
162,47,
162,48,
162,49,
162,50,
162,51,
162,52,
162,53,
162,54,
162,55,
162,56,
162,57,0.179
162,58,
162,59,
162,60,
162,61,
162,62,0.156
162,63,
162,64,
162,65,
162,66,
162,67,
162,68,
162,69,
162,70,
163,23,
163,24,
163,25,
163,26,
163,27,
163,28,
163,29,
163,30,
163,31,
163,32,
163,33,
163,34,
163,35,
163,36,
163,37,
163,38,
163,39,
163,40,
163,41,
163,42,
163,43,
163,44,
163,45,
163,46,
163,47,
163,48,
163,49,
163,50,
163,51,
163,52,
163,53,
163,54,0.0296
163,55,
163,56,
163,57,
163,58,
163,59,0.0501
163,60,
163,61,
163,62,
163,63,
163,64,
163,65,
163,66,
163,67,0.0625
163,68,
163,69,
163,70,
164,23,
164,24,0.0685
164,25,0.115
164,26,0.107
164,27,0.151
164,28,0.121
164,29,0.105
164,30,0.115
164,31,0.107
164,32,0.135
164,33,0.103
164,34,0.128
164,35,0.138
164,36,0.13
164,37,0.131
164,38,
164,39,0.106
164,40,0.118
164,41,0.113
164,42,0.119
164,43,0.14
164,44,0.154
164,45,0.158
164,46,0.175
164,47,0.18
164,48,0.198
164,49,0.208
164,50,0.197
164,51,0.177
164,52,0.184
164,53,0.19
164,54,0.188
164,55,0.198
164,56,0.197
164,57,0.222
164,58,0.224
164,59,0.219
164,60,0.219
164,61,0.212
164,62,0.208
164,63,0.206
164,64,0.194
164,65,0.198
164,66,0.212
164,67,0.235
164,68,0.237
164,69,0.237
164,70,
165,23,
165,24,
165,25,
165,26,
165,27,
165,28,
165,29,
165,30,
165,31,
165,32,
165,33,
165,34,
165,35,
165,36,
165,37,
165,38,
165,39,
165,40,
165,41,
165,42,
165,43,
165,44,
165,45,
165,46,
165,47,
165,48,
165,49,
165,50,
165,51,
165,52,
165,53,
165,54,
165,55,
165,56,
165,57,
165,58,
165,59,
165,60,
165,61,
165,62,
165,63,0.0925
165,64,
165,65,
165,66,0.126
165,67,
165,68,
165,69,
165,70,
166,23,
166,24,
166,25,
166,26,
166,27,
166,28,
166,29,
166,30,
166,31,
166,32,
166,33,
166,34,
166,35,
166,36,
166,37,
166,38,
166,39,
166,40,
166,41,
166,42,
166,43,
166,44,
166,45,
166,46,
166,47,
166,48,
166,49,
166,50,
166,51,
166,52,
166,53,
166,54,
166,55,
166,56,
166,57,
166,58,
166,59,
166,60,
166,61,
166,62,
166,63,
166,64,0.137
166,65,
166,66,
166,67,
166,68,0.111
166,69,
166,70,
167,23,
167,24,
167,25,
167,26,
167,27,
167,28,
167,29,
167,30,
167,31,
167,32,
167,33,
167,34,
167,35,
167,36,
167,37,0.12
167,38,
167,39,
167,40,
167,41,
167,42,
167,43,
167,44,
167,45,
167,46,
167,47,
167,48,
167,49,
167,50,
167,51,
167,52,
167,53,
167,54,
167,55,
167,56,0.306
167,57,
167,58,
167,59,
167,60,
167,61,
167,62,
167,63,
167,64,
167,65,
167,66,
167,67,
167,68,
167,69,
167,70,
168,23,0.339
168,24,0.348
168,25,
168,26,0.334
168,27,0.332
168,28,0.339
168,29,
168,30,0.361
168,31,0.375
168,32,0.386
168,33,0.369
168,34,0.395
168,35,0.391
168,36,0.378
168,37,0.355
168,38,0.33
168,39,0.293
168,40,0.291
168,41,0.277
168,42,0.271
168,43,0.272
168,44,0.288
168,45,0.269
168,46,0.264
168,47,0.254
168,48,0.255
168,49,0.255
168,50,0.264
168,51,0.282
168,52,0.277
168,53,0.281
168,54,0.288
168,55,0.284
168,56,0.285
168,57,0.302
168,58,0.31
168,59,0.308
168,60,0.318
168,61,0.322
168,62,
168,63,
168,64,0.285
168,65,0.284
168,66,0.286
168,67,0.279
168,68,0.278
168,69,0.273
168,70,
169,23,
169,24,
169,25,
169,26,
169,27,
169,28,0.294
169,29,0.301
169,30,0.311
169,31,0.32
169,32,0.329
169,33,0.334
169,34,0.34
169,35,0.345
169,36,
169,37,
169,38,
169,39,
169,40,
169,41,
169,42,0.336
169,43,
169,44,
169,45,
169,46,
169,47,
169,48,
169,49,
169,50,
169,51,
169,52,
169,53,
169,54,
169,55,
169,56,
169,57,
169,58,0.321
169,59,0.317
169,60,0.322
169,61,0.329
169,62,0.317
169,63,0.327
169,64,0.335
169,65,0.33
169,66,0.333
169,67,0.335
169,68,0.328
169,69,
169,70,
170,23,
170,24,
170,25,
170,26,
170,27,
170,28,
170,29,
170,30,
170,31,
170,32,
170,33,
170,34,
170,35,0.349
170,36,0.321
170,37,0.326
170,38,0.2
170,39,
170,40,
170,41,0.211
170,42,0.21
170,43,0.207
170,44,0.202
170,45,0.216
170,46,0.226
170,47,0.226
170,48,0.223
170,49,0.229
170,50,0.241
170,51,0.236
170,52,0.228
170,53,
170,54,
170,55,
170,56,
170,57,
170,58,
170,59,0.268
170,60,0.268
170,61,
170,62,0.253
170,63,0.262
170,64,0.265
170,65,0.26
170,66,0.264
170,67,0.279
170,68,0.272
170,69,0.268
170,70,0.265
173,23,
173,24,
173,25,
173,26,
173,27,
173,28,
173,29,
173,30,
173,31,
173,32,
173,33,
173,34,
173,35,
173,36,
173,37,
173,38,
173,39,
173,40,
173,41,
173,42,
173,43,
173,44,
173,45,
173,46,
173,47,
173,48,
173,49,
173,50,
173,51,
173,52,
173,53,
173,54,
173,55,
173,56,0.078
173,57,
173,58,0.045
173,59,
173,60,
173,61,
173,62,0.0709
173,63,
173,64,
173,65,0.0802
173,66,0.0698
173,67,
173,68,
173,69,
173,70,0.164
174,23,
174,24,
174,25,
174,26,
174,27,
174,28,
174,29,
174,30,
174,31,
174,32,
174,33,
174,34,
174,35,
174,36,
174,37,
174,38,
174,39,
174,40,0.0798
174,41,0.0842
174,42,0.0943
174,43,0.0954
174,44,0.0908
174,45,0.0796
174,46,0.305
174,47,0.317
174,48,0.28
174,49,0.264
174,50,0.246
174,51,0.238
174,52,0.226
174,53,0.208
174,54,0.263
174,55,0.252
174,56,0.246
174,57,0.246
174,58,0.243
174,59,0.242
174,60,0.239
174,61,0.234
174,62,0.257
174,63,0.255
174,64,0.256
174,65,0.257
174,66,0.248
174,67,0.261
174,68,0.247
174,69,0.242
174,70,0.243
175,23,
175,24,
175,25,
175,26,
175,27,
175,28,
175,29,
175,30,
175,31,
175,32,
175,33,
175,34,
175,35,
175,36,
175,37,
175,38,
175,39,
175,40,
175,41,
175,42,
175,43,
175,44,
175,45,
175,46,
175,47,
175,48,0.336
175,49,
175,50,
175,51,
175,52,
175,53,0.334
175,54,
175,55,
175,56,
175,57,
175,58,0.398
175,59,
175,60,
175,61,0.243
175,62,
175,63,
175,64,
175,65,
175,66,
175,67,
175,68,
175,69,0.288
175,70,0.158
176,23,0.448
176,24,0.438
176,25,0.429
176,26,0.424
176,27,0.422
176,28,0.399
176,29,0.39
176,30,0.389
176,31,0.386
176,32,0.382
176,33,0.372
176,34,0.354
176,35,0.342
176,36,0.357
176,37,0.35
176,38,0.341
176,39,0.335
176,40,0.326
176,41,0.326
176,42,0.324
176,43,0.321
176,44,0.309
176,45,0.298
176,46,0.292
176,47,0.276
176,48,0.273
176,49,0.273
176,50,0.268
176,51,0.266
176,52,0.257
176,53,0.251
176,54,0.246
176,55,0.239
176,56,0.233
176,57,0.222
176,58,0.222
176,59,0.22
176,60,0.221
176,61,0.219
176,62,0.195
176,63,0.191
176,64,0.19
176,65,0.189
176,66,0.187
176,67,0.188
176,68,0.185
176,69,0.184
176,70,0.181
177,23,
177,24,
177,25,
177,26,
177,27,
177,28,
177,29,
177,30,
177,31,
177,32,
177,33,
177,34,
177,35,
177,36,0.269
177,37,0.273
177,38,0.269
177,39,0.266
177,40,0.261
177,41,0.26
177,42,0.258
177,43,0.253
177,44,0.245
177,45,0.239
177,46,0.235
177,47,0.234
177,48,0.234
177,49,0.233
177,50,0.234
177,51,0.232
177,52,0.227
177,53,0.244
177,54,0.237
177,55,0.227
177,56,0.225
177,57,0.224
177,58,0.223
177,59,0.224
177,60,0.221
177,61,0.215
177,62,0.2
177,63,0.197
177,64,0.197
177,65,0.197
177,66,0.2
177,67,0.2
177,68,0.199
177,69,0.198
177,70,0.197
178,23,
178,24,
178,25,
178,26,
178,27,
178,28,
178,29,
178,30,
178,31,
178,32,
178,33,
178,34,
178,35,
178,36,
178,37,0.302
178,38,
178,39,0.313
178,40,0.345
178,41,0.335
178,42,0.341
178,43,0.33
178,44,0.33
178,45,0.296
178,46,0.293
178,47,0.28
178,48,0.266
178,49,
178,50,
178,51,0.247
178,52,0.252
178,53,0.247
178,54,0.238
178,55,0.224
178,56,0.215
178,57,0.216
178,58,0.219
178,59,0.212
178,60,0.217
178,61,0.216
178,62,0.21
178,63,0.214
178,64,0.208
178,65,0.211
178,66,0.216
178,67,0.21
178,68,0.205
178,69,0.201
178,70,0.197
179,23,
179,24,
179,25,
179,26,
179,27,
179,28,
179,29,
179,30,
179,31,
179,32,
179,33,
179,34,
179,35,
179,36,
179,37,
179,38,
179,39,
179,40,
179,41,
179,42,
179,43,
179,44,
179,45,
179,46,
179,47,
179,48,0.191
179,49,0.192
179,50,0.191
179,51,0.192
179,52,0.194
179,53,
179,54,
179,55,
179,56,
179,57,
179,58,
179,59,
179,60,
179,61,
179,62,
179,63,
179,64,
179,65,
179,66,
179,67,
179,68,
179,69,
179,70,
180,23,
180,24,
180,25,
180,26,
180,27,
180,28,
180,29,
180,30,
180,31,
180,32,
180,33,
180,34,
180,35,
180,36,
180,37,
180,38,
180,39,
180,40,
180,41,
180,42,
180,43,
180,44,
180,45,
180,46,
180,47,
180,48,
180,49,
180,50,
180,51,
180,52,
180,53,
180,54,
180,55,
180,56,
180,57,
180,58,
180,59,
180,60,
180,61,
180,62,0.0703
180,63,
180,64,
180,65,
180,66,
180,67,
180,68,
180,69,
180,70,
181,23,
181,24,
181,25,
181,26,
181,27,
181,28,0.251
181,29,0.261
181,30,0.272
181,31,0.286
181,32,0.279
181,33,0.277
181,34,0.276
181,35,0.279
181,36,0.257
181,37,0.247
181,38,0.249
181,39,0.262
181,40,0.276
181,41,
181,42,0.259
181,43,0.253
181,44,0.26
181,45,0.266
181,46,0.263
181,47,0.235
181,48,0.235
181,49,0.223
181,50,0.238
181,51,0.244
181,52,0.227
181,53,0.228
181,54,0.221
181,55,0.206
181,56,0.198
181,57,0.2
181,58,0.205
181,59,0.221
181,60,0.229
181,61,0.228
181,62,0.224
181,63,0.219
181,64,0.218
181,65,0.212
181,66,0.213
181,67,
181,68,
181,69,
181,70,
182,23,
182,24,
182,25,
182,26,
182,27,
182,28,
182,29,
182,30,
182,31,
182,32,
182,33,
182,34,
182,35,
182,36,
182,37,
182,38,
182,39,
182,40,
182,41,
182,42,
182,43,
182,44,
182,45,
182,46,
182,47,
182,48,
182,49,0.107
182,50,0.127
182,51,0.116
182,52,0.12
182,53,0.124
182,54,0.139
182,55,0.147
182,56,0.164
182,57,0.174
182,58,
182,59,0.202
182,60,0.204
182,61,
182,62,0.218
182,63,0.216
182,64,0.213
182,65,0.212
182,66,0.212
182,67,0.214
182,68,0.227
182,69,0.248
182,70,0.258
183,23,
183,24,
183,25,
183,26,
183,27,
183,28,
183,29,
183,30,
183,31,
183,32,
183,33,
183,34,
183,35,
183,36,
183,37,
183,38,
183,39,
183,40,
183,41,
183,42,
183,43,
183,44,0.113
183,45,
183,46,
183,47,0.108
183,48,
183,49,
183,50,
183,51,0.107
183,52,0.111
183,53,
183,54,
183,55,
183,56,
183,57,0.163
183,58,
183,59,
183,60,
183,61,
183,62,
183,63,0.19
183,64,
183,65,
183,66,
183,67,0.145
183,68,
183,69,
183,70,
184,23,
184,24,
184,25,
184,26,
184,27,
184,28,
184,29,
184,30,
184,31,
184,32,
184,33,
184,34,
184,35,
184,36,
184,37,
184,38,
184,39,
184,40,
184,41,
184,42,
184,43,0.109
184,44,
184,45,
184,46,
184,47,
184,48,
184,49,
184,50,
184,51,0.0705
184,52,
184,53,0.0575
184,54,
184,55,
184,56,
184,57,
184,58,0.0714
184,59,
184,60,
184,61,0.0751
184,62,
184,63,
184,64,
184,65,0.101
184,66,
184,67,
184,68,
184,69,
184,70,
185,23,
185,24,
185,25,
185,26,
185,27,
185,28,
185,29,
185,30,
185,31,
185,32,
185,33,
185,34,
185,35,
185,36,
185,37,
185,38,
185,39,
185,40,
185,41,
185,42,
185,43,
185,44,
185,45,
185,46,
185,47,
185,48,
185,49,
185,50,
185,51,
185,52,0.118
185,53,
185,54,
185,55,
185,56,
185,57,0.0933
185,58,
185,59,
185,60,
185,61,
185,62,
185,63,
185,64,0.0909
185,65,
185,66,
185,67,0.0735
185,68,
185,69,
185,70,
