0,1,
0,2,
0,3,
0,4,
0,5,
0,6,
0,7,
0,8,
0,9,
0,10,
0,11,
0,12,
0,13,
0,14,
0,15,
0,16,
0,17,
0,18,
0,19,
0,20,
0,21,
0,22,
0,23,
0,24,
0,25,
0,26,
0,27,
0,28,
0,29,
0,30,
0,31,
0,32,
0,33,
0,34,
0,35,
0,36,
0,37,
0,38,
0,39,
0,40,
0,41,
0,42,
0,43,
0,44,
0,45,
0,46,
0,47,
0,48,
0,49,
0,50,
0,51,
0,52,
0,53,
0,54,
0,55,
0,56,
0,57,
0,58,
0,59,
0,60,
0,61,0.0405
0,62,
0,63,
0,64,
0,65,0.0293
0,66,
0,67,
0,68,
0,69,
0,70,
1,1,
1,2,
1,3,
1,4,
1,5,
1,6,
1,7,
1,8,
1,9,
1,10,
1,11,
1,12,
1,13,
1,14,
1,15,
1,16,
1,17,
1,18,
1,19,
1,20,
1,21,
1,22,
1,23,
1,24,
1,25,
1,26,
1,27,
1,28,
1,29,
1,30,
1,31,
1,32,
1,33,
1,34,
1,35,
1,36,
1,37,
1,38,
1,39,
1,40,
1,41,
1,42,
1,43,
1,44,
1,45,
1,46,
1,47,
1,48,
1,49,
1,50,
1,51,
1,52,
1,53,
1,54,
1,55,
1,56,
1,57,
1,58,
1,59,
1,60,0.266
1,61,0.271
1,62,0.27
1,63,0.305
1,64,0.227
1,65,0.293
1,66,0.312
1,67,0.39
1,68,0.398
1,69,
1,70,0.319
2,1,
2,2,
2,3,
2,4,
2,5,
2,6,
2,7,
2,8,
2,9,
2,10,
2,11,
2,12,
2,13,
2,14,
2,15,
2,16,
2,17,
2,18,
2,19,
2,20,
2,21,
2,22,
2,23,
2,24,
2,25,
2,26,
2,27,
2,28,
2,29,
2,30,
2,31,
2,32,
2,33,
2,34,
2,35,
2,36,
2,37,
2,38,
2,39,
2,40,
2,41,
2,42,
2,43,
2,44,
2,45,
2,46,
2,47,
2,48,
2,49,
2,50,
2,51,
2,52,
2,53,
2,54,0.478
2,55,
2,56,
2,57,
2,58,0.311
2,59,0.243
2,60,0.274
2,61,0.238
2,62,0.213
2,63,0.215
2,64,0.224
2,65,0.275
2,66,0.248
2,67,
2,68,
2,69,
2,70,
3,1,
3,2,
3,3,
3,4,
3,5,
3,6,
3,7,
3,8,
3,9,
3,10,
3,11,
3,12,
3,13,
3,14,
3,15,
3,16,
3,17,
3,18,
3,19,
3,20,
3,21,
3,22,
3,23,
3,24,
3,25,
3,26,
3,27,
3,28,
3,29,
3,30,
3,31,
3,32,
3,33,
3,34,
3,35,
3,36,
3,37,
3,38,
3,39,
3,40,
3,41,
3,42,
3,43,
3,44,
3,45,
3,46,
3,47,
3,48,
3,49,
3,50,
3,51,
3,52,
3,53,
3,54,
3,55,
3,56,
3,57,
3,58,
3,59,
3,60,
3,61,
3,62,
3,63,0.194
3,64,0.348
3,65,
3,66,
3,67,
3,68,
3,69,
3,70,
5,1,
5,2,
5,3,
5,4,
5,5,
5,6,
5,7,
5,8,
5,9,
5,10,
5,11,
5,12,
5,13,
5,14,
5,15,
5,16,
5,17,
5,18,
5,19,
5,20,
5,21,
5,22,
5,23,
5,24,
5,25,
5,26,
5,27,
5,28,
5,29,
5,30,
5,31,
5,32,
5,33,
5,34,
5,35,
5,36,
5,37,
5,38,
5,39,
5,40,
5,41,
5,42,
5,43,
5,44,
5,45,
5,46,
5,47,
5,48,
5,49,
5,50,
5,51,
5,52,
5,53,
5,54,
5,55,
5,56,
5,57,0.293
5,58,0.26
5,59,0.237
5,60,
5,61,0.188
5,62,0.212
5,63,0.194
5,64,0.187
5,65,0.183
5,66,0.194
5,67,0.188
5,68,
5,69,
5,70,0.226
6,1,
6,2,
6,3,
6,4,
6,5,
6,6,
6,7,
6,8,
6,9,
6,10,
6,11,
6,12,
6,13,
6,14,
6,15,
6,16,
6,17,
6,18,
6,19,
6,20,
6,21,
6,22,
6,23,
6,24,
6,25,
6,26,
6,27,
6,28,
6,29,
6,30,
6,31,
6,32,
6,33,
6,34,
6,35,
6,36,
6,37,
6,38,
6,39,
6,40,
6,41,
6,42,
6,43,
6,44,
6,45,
6,46,
6,47,
6,48,
6,49,
6,50,
6,51,
6,52,
6,53,
6,54,
6,55,
6,56,
6,57,
6,58,
6,59,
6,60,
6,61,
6,62,
6,63,
6,64,
6,65,
6,66,
6,67,0.37
6,68,0.32
6,69,0.363
6,70,
7,1,
7,2,
7,3,
7,4,
7,5,
7,6,
7,7,
7,8,
7,9,
7,10,
7,11,
7,12,
7,13,
7,14,
7,15,
7,16,
7,17,
7,18,
7,19,
7,20,
7,21,
7,22,
7,23,
7,24,
7,25,
7,26,
7,27,
7,28,
7,29,
7,30,
7,31,
7,32,0.13
7,33,0.125
7,34,0.114
7,35,0.138
7,36,0.183
7,37,0.168
7,38,0.152
7,39,0.15
7,40,0.149
7,41,0.134
7,42,0.112
7,43,0.13
7,44,0.175
7,45,0.193
7,46,0.185
7,47,0.169
7,48,0.152
7,49,0.157
7,50,0.159
7,51,0.145
7,52,0.131
7,53,0.121
7,54,0.135
7,55,0.128
7,56,0.12
7,57,0.114
7,58,0.106
7,59,0.1
7,60,0.0937
7,61,0.0882
7,62,0.115
7,63,0.116
7,64,0.114
7,65,0.117
7,66,0.122
7,67,0.133
7,68,0.131
7,69,0.126
7,70,0.126
8,1,
8,2,
8,3,
8,4,
8,5,
8,6,
8,7,
8,8,
8,9,
8,10,
8,11,
8,12,
8,13,
8,14,
8,15,
8,16,
8,17,
8,18,
8,19,
8,20,
8,21,
8,22,
8,23,
8,24,
8,25,
8,26,
8,27,
8,28,
8,29,
8,30,
8,31,
8,32,
8,33,
8,34,
8,35,
8,36,
8,37,
8,38,
8,39,
8,40,
8,41,
8,42,
8,43,
8,44,
8,45,
8,46,
8,47,0.0496
8,48,0.0591
8,49,0.0685
8,50,0.0757
8,51,0.075
8,52,0.0593
8,53,0.063
8,54,0.0603
8,55,0.0716
8,56,0.0745
8,57,0.121
8,58,0.11
8,59,0.0979
8,60,0.0943
8,61,0.0851
8,62,0.107
8,63,0.0947
8,64,0.0894
8,65,0.094
8,66,0.0967
8,67,0.103
8,68,0.106
8,69,0.112
8,70,0.098
9,1,
9,2,
9,3,
9,4,
9,5,
9,6,
9,7,
9,8,
9,9,
9,10,
9,11,
9,12,
9,13,
9,14,
9,15,
9,16,
9,17,
9,18,
9,19,
9,20,
9,21,
9,22,
9,23,
9,24,
9,25,
9,26,
9,27,
9,28,
9,29,
9,30,
9,31,
9,32,
9,33,
9,34,
9,35,
9,36,
9,37,
9,38,
9,39,
9,40,
9,41,
9,42,
9,43,
9,44,
9,45,
9,46,
9,47,
9,48,
9,49,
9,50,
9,51,
9,52,
9,53,
9,54,
9,55,
9,56,
9,57,
9,58,
9,59,
9,60,0.14
9,61,0.144
9,62,0.139
9,63,0.149
9,64,0.147
9,65,0.142
9,66,0.138
9,67,0.135
9,68,0.134
9,69,0.131
9,70,0.129
10,1,
10,2,
10,3,
10,4,
10,5,
10,6,
10,7,
10,8,
10,9,
10,10,
10,11,
10,12,
10,13,
10,14,
10,15,
10,16,
10,17,
10,18,
10,19,
10,20,
10,21,
10,22,
10,23,
10,24,
10,25,
10,26,
10,27,
10,28,
10,29,
10,30,
10,31,
10,32,
10,33,
10,34,
10,35,
10,36,
10,37,
10,38,
10,39,
10,40,
10,41,
10,42,
10,43,
10,44,
10,45,
10,46,
10,47,
10,48,
10,49,
10,50,
10,51,0.157
10,52,
10,53,
10,54,
10,55,
10,56,0.241
10,57,
10,58,0.202
10,59,
10,60,0.189
10,61,0.171
10,62,0.262
10,63,
10,64,0.275
10,65,
10,66,
10,67,
10,68,
10,69,
10,70,
11,1,
11,2,
11,3,
11,4,
11,5,
11,6,
11,7,
11,8,
11,9,
11,10,
11,11,
11,12,
11,13,
11,14,
11,15,
11,16,
11,17,
11,18,
11,19,
11,20,
11,21,
11,22,
11,23,
11,24,
11,25,
11,26,
11,27,
11,28,
11,29,
11,30,
11,31,
11,32,
11,33,
11,34,
11,35,
11,36,
11,37,
11,38,
11,39,
11,40,
11,41,
11,42,
11,43,
11,44,
11,45,
11,46,
11,47,
11,48,
11,49,
11,50,
11,51,
11,52,
11,53,
11,54,
11,55,
11,56,
11,57,
11,58,
11,59,
11,60,
11,61,
11,62,
11,63,0.0503
11,64,
11,65,
11,66,
11,67,
11,68,
11,69,
11,70,
12,1,
12,2,
12,3,
12,4,
12,5,
12,6,
12,7,
12,8,
12,9,
12,10,
12,11,
12,12,
12,13,
12,14,
12,15,
12,16,
12,17,
12,18,
12,19,
12,20,
12,21,
12,22,
12,23,
12,24,
12,25,
12,26,
12,27,
12,28,
12,29,
12,30,
12,31,
12,32,
12,33,
12,34,
12,35,
12,36,
12,37,
12,38,
12,39,0.022
12,40,
12,41,
12,42,0.0254
12,43,
12,44,
12,45,
12,46,
12,47,
12,48,
12,49,0.0702
12,50,
12,51,
12,52,
12,53,0.107
12,54,
12,55,
12,56,0.0663
12,57,
12,58,0.0927
12,59,0.076
12,60,
12,61,
12,62,
12,63,0.0636
12,64,
12,65,
12,66,0.0988
12,67,
12,68,
12,69,0.114
12,70,0.128
13,1,
13,2,
13,3,
13,4,
13,5,
13,6,
13,7,
13,8,
13,9,
13,10,
13,11,
13,12,
13,13,
13,14,
13,15,
13,16,
13,17,
13,18,
13,19,
13,20,
13,21,
13,22,
13,23,
13,24,
13,25,
13,26,
13,27,
13,28,
13,29,
13,30,
13,31,
13,32,
13,33,
13,34,
13,35,
13,36,0.306
13,37,
13,38,
13,39,0.354
13,40,0.365
13,41,0.325
13,42,0.255
13,43,0.307
13,44,0.335
13,45,0.422
13,46,
13,47,
13,48,0.378
13,49,
13,50,0.3
13,51,
13,52,
13,53,
13,54,
13,55,
13,56,0.262
13,57,
13,58,
13,59,
13,60,
13,61,
13,62,0.244
13,63,0.261
13,64,
13,65,
13,66,0.296
13,67,0.338
13,68,0.324
13,69,0.296
13,70,
14,1,
14,2,
14,3,
14,4,
14,5,
14,6,
14,7,
14,8,
14,9,
14,10,
14,11,
14,12,
14,13,
14,14,
14,15,
14,16,
14,17,
14,18,
14,19,
14,20,
14,21,
14,22,
14,23,
14,24,
14,25,
14,26,
14,27,
14,28,
14,29,
14,30,
14,31,
14,32,
14,33,
14,34,
14,35,
14,36,
14,37,
14,38,
14,39,
14,40,
14,41,
14,42,
14,43,
14,44,
14,45,
14,46,
14,47,
14,48,
14,49,
14,50,
14,51,
14,52,
14,53,
14,54,
14,55,
14,56,
14,57,
14,58,
14,59,
14,60,
14,61,
14,62,
14,63,
14,64,
14,65,
14,66,
14,67,
14,68,
14,69,0.107
14,70,0.0932
15,1,
15,2,
15,3,
15,4,
15,5,
15,6,
15,7,
15,8,
15,9,
15,10,
15,11,
15,12,
15,13,
15,14,
15,15,
15,16,
15,17,
15,18,
15,19,
15,20,
15,21,
15,22,
15,23,
15,24,
15,25,
15,26,
15,27,
15,28,
15,29,
15,30,
15,31,
15,32,
15,33,
15,34,
15,35,
15,36,0.239
15,37,0.252
15,38,0.235
15,39,0.211
15,40,0.214
15,41,0.181
15,42,0.155
15,43,0.145
15,44,0.14
15,45,0.132
15,46,0.185
15,47,0.218
15,48,0.215
15,49,0.205
15,50,0.213
15,51,0.204
15,52,0.226
15,53,0.152
15,54,0.153
15,55,0.157
15,56,0.19
15,57,0.175
15,58,0.215
15,59,0.205
15,60,0.188
15,61,0.18
15,62,0.219
15,63,0.224
15,64,0.187
15,65,0.198
15,66,0.237
15,67,0.232
15,68,0.221
15,69,0.201
15,70,0.193
16,1,
16,2,
16,3,
16,4,
16,5,
16,6,
16,7,
16,8,
16,9,
16,10,
16,11,
16,12,
16,13,
16,14,
16,15,
16,16,
16,17,
16,18,
16,19,
16,20,
16,21,
16,22,
16,23,
16,24,
16,25,
16,26,
16,27,
16,28,
16,29,
16,30,
16,31,
16,32,
16,33,
16,34,
16,35,
16,36,
16,37,
16,38,
16,39,
16,40,
16,41,
16,42,
16,43,
16,44,
16,45,
16,46,
16,47,
16,48,
16,49,
16,50,
16,51,
16,52,
16,53,
16,54,
16,55,
16,56,
16,57,
16,58,
16,59,
16,60,
16,61,
16,62,
16,63,
16,64,
16,65,0.25
16,66,
16,67,
16,68,0.189
16,69,0.177
16,70,0.193
17,1,
17,2,
17,3,
17,4,
17,5,
17,6,
17,7,
17,8,
17,9,
17,10,
17,11,
17,12,
17,13,
17,14,
17,15,
17,16,
17,17,
17,18,
17,19,
17,20,
17,21,
17,22,
17,23,
17,24,
17,25,
17,26,
17,27,
17,28,
17,29,
17,30,
17,31,
17,32,
17,33,
17,34,
17,35,
17,36,
17,37,
17,38,
17,39,
17,40,
17,41,
17,42,
17,43,
17,44,
17,45,
17,46,
17,47,
17,48,
17,49,
17,50,
17,51,
17,52,
17,53,
17,54,
17,55,
17,56,
17,57,
17,58,
17,59,
17,60,
17,61,
17,62,
17,63,0.0238
17,64,0.0563
17,65,
17,66,
17,67,
17,68,
17,69,
17,70,
18,1,
18,2,
18,3,
18,4,
18,5,
18,6,
18,7,
18,8,
18,9,
18,10,
18,11,
18,12,
18,13,
18,14,
18,15,
18,16,
18,17,
18,18,
18,19,
18,20,
18,21,
18,22,
18,23,
18,24,
18,25,
18,26,
18,27,
18,28,
18,29,
18,30,
18,31,
18,32,
18,33,
18,34,
18,35,
18,36,
18,37,
18,38,
18,39,
18,40,
18,41,
18,42,
18,43,
18,44,
18,45,
18,46,
18,47,
18,48,
18,49,
18,50,
18,51,
18,52,
18,53,
18,54,
18,55,
18,56,
18,57,
18,58,
18,59,
18,60,
18,61,
18,62,0.129
18,63,0.0921
18,64,0.0935
18,65,0.0728
18,66,0.0955
18,67,0.0939
18,68,0.107
18,69,
18,70,
19,1,
19,2,
19,3,
19,4,
19,5,
19,6,
19,7,
19,8,
19,9,
19,10,
19,11,
19,12,
19,13,
19,14,
19,15,
19,16,
19,17,
19,18,
19,19,
19,20,
19,21,
19,22,
19,23,
19,24,
19,25,
19,26,
19,27,
19,28,
19,29,
19,30,
19,31,
19,32,
19,33,
19,34,
19,35,
19,36,
19,37,
19,38,
19,39,
19,40,
19,41,
19,42,
19,43,
19,44,
19,45,
19,46,
19,47,
19,48,0.0606
19,49,
19,50,
19,51,
19,52,
19,53,
19,54,
19,55,
19,56,
19,57,
19,58,
19,59,
19,60,
19,61,
19,62,
19,63,
19,64,
19,65,
19,66,
19,67,
19,68,
19,69,
19,70,
20,1,
20,2,
20,3,
20,4,
20,5,
20,6,
20,7,
20,8,
20,9,
20,10,
20,11,
20,12,
20,13,
20,14,
20,15,
20,16,
20,17,
20,18,
20,19,
20,20,
20,21,
20,22,
20,23,
20,24,
20,25,
20,26,
20,27,
20,28,
20,29,
20,30,
20,31,
20,32,
20,33,
20,34,
20,35,
20,36,
20,37,
20,38,
20,39,
20,40,
20,41,
20,42,
20,43,
20,44,
20,45,
20,46,
20,47,
20,48,
20,49,
20,50,
20,51,
20,52,
20,53,
20,54,
20,55,
20,56,
20,57,
20,58,
20,59,0.623
20,60,0.584
20,61,0.475
20,62,0.487
20,63,0.577
20,64,0.579
20,65,0.631
20,66,
20,67,0.627
20,68,0.623
20,69,0.543
20,70,0.458
21,1,
21,2,
21,3,
21,4,
21,5,
21,6,
21,7,
21,8,
21,9,
21,10,
21,11,
21,12,
21,13,
21,14,
21,15,
21,16,
21,17,
21,18,
21,19,
21,20,
21,21,
21,22,
21,23,
21,24,
21,25,
21,26,
21,27,
21,28,
21,29,
21,30,
21,31,
21,32,
21,33,
21,34,
21,35,
21,36,
21,37,
21,38,0.378
21,39,
21,40,
21,41,
21,42,
21,43,
21,44,
21,45,
21,46,
21,47,
21,48,
21,49,0.379
21,50,
21,51,
21,52,
21,53,
21,54,
21,55,
21,56,
21,57,
21,58,
21,59,0.326
21,60,
21,61,
21,62,
21,63,
21,64,
21,65,
21,66,
21,67,
21,68,
21,69,
21,70,
22,1,
22,2,
22,3,
22,4,
22,5,
22,6,
22,7,
22,8,
22,9,
22,10,
22,11,
22,12,
22,13,
22,14,
22,15,
22,16,
22,17,
22,18,
22,19,
22,20,
22,21,
22,22,
22,23,
22,24,
22,25,
22,26,
22,27,
22,28,
22,29,
22,30,
22,31,
22,32,
22,33,
22,34,
22,35,
22,36,
22,37,
22,38,
22,39,
22,40,
22,41,
22,42,
22,43,
22,44,
22,45,
22,46,
22,47,
22,48,
22,49,
22,50,
22,51,
22,52,
22,53,
22,54,
22,55,
22,56,
22,57,
22,58,
22,59,
22,60,
22,61,
22,62,
22,63,
22,64,
22,65,0.161
22,66,0.16
22,67,0.158
22,68,0.199
22,69,0.272
22,70,0.292
23,1,
23,2,
23,3,
23,4,
23,5,
23,6,
23,7,
23,8,
23,9,
23,10,
23,11,
23,12,
23,13,
23,14,
23,15,
23,16,
23,17,
23,18,
23,19,
23,20,
23,21,
23,22,
23,23,
23,24,
23,25,
23,26,
23,27,
23,28,
23,29,
23,30,
23,31,
23,32,
23,33,
23,34,
23,35,
23,36,
23,37,
23,38,
23,39,
23,40,
23,41,
23,42,
23,43,
23,44,
23,45,
23,46,
23,47,
23,48,
23,49,
23,50,
23,51,
23,52,
23,53,
23,54,
23,55,
23,56,
23,57,
23,58,
23,59,
23,60,
23,61,
23,62,
23,63,
23,64,
23,65,
23,66,
23,67,0.254
23,68,
23,69,
23,70,0.289
24,1,
24,2,
24,3,
24,4,
24,5,
24,6,
24,7,
24,8,
24,9,
24,10,
24,11,
24,12,
24,13,
24,14,
24,15,
24,16,
24,17,
24,18,
24,19,
24,20,
24,21,
24,22,
24,23,
24,24,
24,25,
24,26,
24,27,
24,28,
24,29,
24,30,
24,31,
24,32,
24,33,
24,34,
24,35,
24,36,
24,37,
24,38,
24,39,
24,40,
24,41,
24,42,
24,43,
24,44,
24,45,
24,46,
24,47,
24,48,
24,49,
24,50,
24,51,
24,52,
24,53,0.333
24,54,0.393
24,55,0.356
24,56,0.271
24,57,0.245
24,58,0.223
24,59,0.195
24,60,0.151
24,61,0.127
24,62,0.162
24,63,0.219
24,64,0.25
24,65,0.281
24,66,0.284
24,67,0.238
24,68,0.216
24,69,0.172
24,70,0.129
25,1,
25,2,
25,3,
25,4,
25,5,
25,6,
25,7,
25,8,
25,9,
25,10,
25,11,
25,12,
25,13,
25,14,
25,15,
25,16,
25,17,
25,18,
25,19,
25,20,
25,21,
25,22,
25,23,
25,24,
25,25,
25,26,
25,27,
25,28,
25,29,
25,30,
25,31,
25,32,
25,33,
25,34,
25,35,
25,36,
25,37,
25,38,
25,39,
25,40,
25,41,
25,42,
25,43,
25,44,
25,45,
25,46,
25,47,
25,48,
25,49,
25,50,
25,51,
25,52,
25,53,
25,54,
25,55,
25,56,
25,57,
25,58,
25,59,
25,60,
25,61,
25,62,
25,63,
25,64,
25,65,
25,66,
25,67,0.0869
25,68,
25,69,
25,70,
26,1,
26,2,
26,3,
26,4,
26,5,
26,6,
26,7,
26,8,
26,9,
26,10,
26,11,
26,12,
26,13,
26,14,
26,15,
26,16,
26,17,
26,18,
26,19,
26,20,
26,21,
26,22,
26,23,
26,24,
26,25,
26,26,
26,27,
26,28,
26,29,
26,30,
26,31,
26,32,
26,33,
26,34,
26,35,
26,36,
26,37,
26,38,
26,39,
26,40,
26,41,
26,42,
26,43,
26,44,
26,45,
26,46,
26,47,
26,48,
26,49,
26,50,
26,51,
26,52,
26,53,
26,54,
26,55,
26,56,
26,57,
26,58,
26,59,
26,60,
26,61,
26,62,
26,63,
26,64,
26,65,
26,66,
26,67,0.0294
26,68,
26,69,
26,70,
27,1,
27,2,
27,3,
27,4,
27,5,
27,6,
27,7,
27,8,
27,9,
27,10,
27,11,
27,12,
27,13,
27,14,
27,15,
27,16,
27,17,
27,18,
27,19,
27,20,
27,21,
27,22,
27,23,
27,24,
27,25,
27,26,
27,27,
27,28,
27,29,
27,30,
27,31,
27,32,
27,33,
27,34,
27,35,
27,36,
27,37,
27,38,
27,39,
27,40,
27,41,
27,42,
27,43,
27,44,
27,45,
27,46,
27,47,
27,48,
27,49,
27,50,
27,51,
27,52,
27,53,
27,54,
27,55,
27,56,
27,57,
27,58,
27,59,
27,60,
27,61,
27,62,
27,63,
27,64,
27,65,0.0158
27,66,
27,67,
27,68,
27,69,
27,70,
28,1,
28,2,
28,3,
28,4,
28,5,
28,6,
28,7,
28,8,
28,9,
28,10,
28,11,
28,12,
28,13,
28,14,
28,15,
28,16,
28,17,
28,18,
28,19,
28,20,
28,21,
28,22,
28,23,
28,24,
28,25,
28,26,
28,27,
28,28,
28,29,
28,30,
28,31,
28,32,
28,33,
28,34,
28,35,
28,36,
28,37,
28,38,
28,39,
28,40,
28,41,
28,42,
28,43,
28,44,
28,45,
28,46,
28,47,
28,48,
28,49,
28,50,
28,51,
28,52,
28,53,
28,54,
28,55,
28,56,
28,57,
28,58,
28,59,
28,60,
28,61,
28,62,
28,63,0.0638
28,64,
28,65,
28,66,
28,67,
28,68,
28,69,
28,70,
29,1,
29,2,
29,3,
29,4,
29,5,
29,6,
29,7,
29,8,
29,9,
29,10,
29,11,
29,12,
29,13,
29,14,
29,15,
29,16,
29,17,
29,18,
29,19,
29,20,
29,21,
29,22,
29,23,
29,24,
29,25,
29,26,
29,27,
29,28,
29,29,0.124
29,30,0.138
29,31,0.14
29,32,0.127
29,33,0.128
29,34,0.128
29,35,0.182
29,36,0.192
29,37,0.174
29,38,0.158
29,39,0.147
29,40,0.132
29,41,0.115
29,42,0.109
29,43,0.123
29,44,0.158
29,45,0.172
29,46,0.172
29,47,0.159
29,48,0.148
29,49,0.154
29,50,0.163
29,51,0.151
29,52,0.141
29,53,0.127
29,54,0.129
29,55,0.136
29,56,0.136
29,57,0.135
29,58,0.124
29,59,0.117
29,60,0.112
29,61,0.116
29,62,0.154
29,63,0.149
29,64,0.143
29,65,0.144
29,66,0.137
29,67,0.135
29,68,0.132
29,69,0.131
29,70,0.116
30,1,
30,2,
30,3,
30,4,
30,5,
30,6,
30,7,
30,8,
30,9,
30,10,
30,11,
30,12,
30,13,
30,14,
30,15,
30,16,
30,17,
30,18,
30,19,
30,20,
30,21,
30,22,
30,23,
30,24,
30,25,
30,26,
30,27,
30,28,
30,29,
30,30,
30,31,
30,32,
30,33,
30,34,
30,35,
30,36,
30,37,
30,38,
30,39,
30,40,
30,41,
30,42,
30,43,
30,44,
30,45,
30,46,
30,47,
30,48,
30,49,
30,50,
30,51,
30,52,
30,53,
30,54,
30,55,
30,56,
30,57,
30,58,
30,59,
30,60,
30,61,
30,62,
30,63,
30,64,
30,65,
30,66,
30,67,
30,68,0.62
30,69,
30,70,0.325
32,1,
32,2,
32,3,
32,4,
32,5,
32,6,
32,7,
32,8,
32,9,
32,10,
32,11,
32,12,
32,13,
32,14,
32,15,
32,16,
32,17,
32,18,
32,19,
32,20,
32,21,
32,22,
32,23,
32,24,
32,25,
32,26,
32,27,
32,28,
32,29,
32,30,
32,31,
32,32,
32,33,
32,34,
32,35,
32,36,0.248
32,37,0.252
32,38,
32,39,0.173
32,40,
32,41,0.143
32,42,0.132
32,43,0.131
32,44,0.127
32,45,0.109
32,46,0.109
32,47,0.132
32,48,0.115
32,49,0.182
32,50,0.178
32,51,0.181
32,52,0.257
32,53,0.251
32,54,0.248
32,55,0.252
32,56,0.25
32,57,0.246
32,58,0.234
32,59,0.221
32,60,0.215
32,61,0.237
32,62,0.267
32,63,0.19
32,64,0.179
32,65,0.167
32,66,0.166
32,67,0.17
32,68,0.16
32,69,0.16
32,70,0.172
34,1,
34,2,
34,3,
34,4,
34,5,
34,6,
34,7,
34,8,
34,9,
34,10,
34,11,
34,12,
34,13,
34,14,
34,15,
34,16,
34,17,
34,18,
34,19,
34,20,
34,21,
34,22,
34,23,
34,24,
34,25,
34,26,
34,27,
34,28,
34,29,
34,30,
34,31,
34,32,
34,33,
34,34,
34,35,
34,36,
34,37,
34,38,
34,39,0.204
34,40,0.17
34,41,
34,42,
34,43,
34,44,
34,45,0.154
34,46,
34,47,
34,48,
34,49,0.187
34,50,
34,51,
34,52,
34,53,
34,54,0.276
34,55,0.284
34,56,0.265
34,57,0.263
34,58,0.238
34,59,
34,60,0.222
34,61,0.228
34,62,0.235
34,63,0.219
34,64,0.205
34,65,0.193
34,66,0.182
34,67,0.176
34,68,0.166
34,69,0.175
34,70,0.178
35,1,
35,2,
35,3,
35,4,
35,5,
35,6,
35,7,
35,8,
35,9,
35,10,
35,11,
35,12,
35,13,
35,14,
35,15,
35,16,
35,17,
35,18,
35,19,
35,20,
35,21,
35,22,
35,23,
35,24,
35,25,
35,26,
35,27,
35,28,
35,29,
35,30,
35,31,
35,32,
35,33,
35,34,
35,35,
35,36,
35,37,
35,38,
35,39,
35,40,
35,41,
35,42,
35,43,
35,44,
35,45,
35,46,
35,47,
35,48,
35,49,
35,50,
35,51,
35,52,
35,53,
35,54,
35,55,
35,56,
35,57,0.1
35,58,
35,59,
35,60,
35,61,
35,62,
35,63,
35,64,
35,65,
35,66,
35,67,
35,68,
35,69,
35,70,
36,1,
36,2,
36,3,
36,4,
36,5,
36,6,
36,7,
36,8,
36,9,
36,10,
36,11,
36,12,
36,13,
36,14,
36,15,
36,16,
36,17,
36,18,
36,19,
36,20,
36,21,
36,22,
36,23,
36,24,
36,25,
36,26,
36,27,
36,28,
36,29,
36,30,
36,31,
36,32,
36,33,
36,34,
36,35,
36,36,
36,37,
36,38,
36,39,
36,40,
36,41,
36,42,
36,43,
36,44,
36,45,
36,46,
36,47,
36,48,
36,49,
36,50,
36,51,
36,52,
36,53,
36,54,
36,55,
36,56,
36,57,
36,58,0.0476
36,59,
36,60,
36,61,
36,62,
36,63,
36,64,
36,65,0.0868
36,66,
36,67,
36,68,
36,69,
36,70,
38,1,
38,2,
38,3,
38,4,
38,5,
38,6,
38,7,
38,8,
38,9,
38,10,
38,11,
38,12,
38,13,
38,14,
38,15,
38,16,
38,17,
38,18,
38,19,
38,20,
38,21,
38,22,
38,23,
38,24,
38,25,
38,26,
38,27,
38,28,
38,29,
38,30,
38,31,
38,32,
38,33,
38,34,
38,35,
38,36,
38,37,
38,38,
38,39,
38,40,
38,41,
38,42,
38,43,
38,44,
38,45,
38,46,
38,47,
38,48,
38,49,
38,50,
38,51,
38,52,
38,53,
38,54,
38,55,
38,56,
38,57,
38,58,
38,59,
38,60,
38,61,
38,62,
38,63,
38,64,0.222
38,65,0.226
38,66,0.216
38,67,0.244
38,68,0.223
38,69,0.215
38,70,0.206
39,1,
39,2,
39,3,
39,4,
39,5,
39,6,
39,7,
39,8,
39,9,
39,10,
39,11,
39,12,
39,13,
39,14,
39,15,
39,16,
39,17,
39,18,
39,19,
39,20,
39,21,
39,22,
39,23,
39,24,
39,25,
39,26,
39,27,
39,28,
39,29,
39,30,
39,31,
39,32,
39,33,
39,34,
39,35,
39,36,
39,37,
39,38,
39,39,
39,40,
39,41,
39,42,
39,43,
39,44,
39,45,
39,46,
39,47,
39,48,
39,49,
39,50,
39,51,
39,52,
39,53,
39,54,
39,55,
39,56,
39,57,
39,58,
39,59,
39,60,
39,61,
39,62,
39,63,
39,64,
39,65,0.0975
39,66,0.065
39,67,
39,68,
39,69,0.0388
39,70,
40,1,
40,2,
40,3,
40,4,
40,5,
40,6,
40,7,
40,8,
40,9,
40,10,
40,11,
40,12,
40,13,
40,14,
40,15,
40,16,
40,17,
40,18,
40,19,
40,20,
40,21,
40,22,
40,23,
40,24,
40,25,
40,26,
40,27,
40,28,
40,29,
40,30,
40,31,
40,32,
40,33,
40,34,
40,35,
40,36,
40,37,
40,38,
40,39,
40,40,
40,41,
40,42,
40,43,
40,44,
40,45,
40,46,
40,47,
40,48,
40,49,
40,50,
40,51,
40,52,
40,53,
40,54,
40,55,0.363
40,56,0.358
40,57,0.328
40,58,0.323
40,59,0.289
40,60,0.252
40,61,0.237
40,62,0.252
40,63,0.324
40,64,0.367
40,65,0.421
40,66,0.5
40,67,0.455
40,68,0.423
40,69,0.313
40,70,0.274
41,1,
41,2,
41,3,
41,4,
41,5,
41,6,
41,7,
41,8,
41,9,
41,10,
41,11,
41,12,
41,13,
41,14,
41,15,
41,16,
41,17,
41,18,
41,19,
41,20,
41,21,
41,22,
41,23,
41,24,
41,25,
41,26,
41,27,
41,28,
41,29,
41,30,
41,31,
41,32,
41,33,
41,34,
41,35,
41,36,
41,37,
41,38,
41,39,
41,40,
41,41,
41,42,
41,43,
41,44,
41,45,
41,46,
41,47,
41,48,
41,49,
41,50,
41,51,
41,52,
41,53,
41,54,
41,55,
41,56,
41,57,
41,58,
41,59,
41,60,
41,61,
41,62,0.0351
41,63,0.0608
41,64,
41,65,
41,66,
41,67,
41,68,
41,69,
41,70,
42,1,
42,2,
42,3,
42,4,
42,5,
42,6,
42,7,
42,8,
42,9,
42,10,
42,11,
42,12,
42,13,
42,14,
42,15,
42,16,
42,17,
42,18,
42,19,
42,20,
42,21,
42,22,
42,23,
42,24,
42,25,
42,26,
42,27,
42,28,
42,29,
42,30,
42,31,
42,32,
42,33,
42,34,
42,35,
42,36,
42,37,
42,38,
42,39,
42,40,
42,41,
42,42,
42,43,
42,44,
42,45,
42,46,
42,47,
42,48,
42,49,
42,50,
42,51,
42,52,
42,53,0.102
42,54,0.0819
42,55,0.0775
42,56,0.089
42,57,0.0866
42,58,0.139
42,59,0.0998
42,60,0.102
42,61,0.0904
42,62,0.138
42,63,0.166
42,64,0.224
42,65,0.277
42,66,0.389
42,67,0.36
42,68,0.328
42,69,0.291
42,70,0.247
43,1,
43,2,
43,3,
43,4,
43,5,
43,6,
43,7,
43,8,
43,9,
43,10,
43,11,
43,12,
43,13,
43,14,
43,15,
43,16,
43,17,
43,18,
43,19,
43,20,
43,21,
43,22,
43,23,
43,24,
43,25,
43,26,
43,27,
43,28,
43,29,
43,30,
43,31,
43,32,
43,33,
43,34,
43,35,
43,36,
43,37,
43,38,
43,39,
43,40,
43,41,
43,42,
43,43,
43,44,
43,45,
43,46,0.0841
43,47,0.0868
43,48,0.0779
43,49,0.0719
43,50,0.0695
43,51,0.108
43,52,0.166
43,53,0.17
43,54,0.163
43,55,0.154
43,56,0.168
43,57,0.199
43,58,0.192
43,59,0.175
43,60,0.107
43,61,0.0987
43,62,0.166
43,63,0.183
43,64,0.181
43,65,0.195
43,66,0.19
43,67,0.159
43,68,0.126
43,69,0.105
43,70,0.0795
44,1,
44,2,
44,3,
44,4,
44,5,
44,6,
44,7,
44,8,
44,9,
44,10,
44,11,
44,12,
44,13,
44,14,
44,15,
44,16,
44,17,
44,18,
44,19,
44,20,
44,21,
44,22,
44,23,
44,24,
44,25,
44,26,
44,27,
44,28,
44,29,
44,30,
44,31,
44,32,
44,33,
44,34,
44,35,
44,36,0.189
44,37,0.14
44,38,0.115
44,39,0.0814
44,40,0.0893
44,41,0.0854
44,42,0.115
44,43,0.115
44,44,0.115
44,45,0.123
44,46,0.146
44,47,0.102
44,48,0.0992
44,49,0.106
44,50,0.0809
44,51,0.0717
44,52,0.0995
44,53,0.0672
44,54,0.0825
44,55,0.0707
44,56,0.0983
44,57,0.0779
44,58,0.0861
44,59,0.0768
44,60,0.0752
44,61,0.0803
44,62,0.118
44,63,0.14
44,64,0.142
44,65,0.141
44,66,0.131
44,67,0.126
44,68,0.108
44,69,0.12
44,70,0.11
45,1,
45,2,
45,3,
45,4,
45,5,
45,6,
45,7,
45,8,
45,9,
45,10,
45,11,
45,12,
45,13,
45,14,
45,15,
45,16,
45,17,
45,18,
45,19,
45,20,
45,21,
45,22,
45,23,
45,24,
45,25,
45,26,
45,27,
45,28,
45,29,
45,30,
45,31,
45,32,
45,33,
45,34,
45,35,
45,36,
45,37,
45,38,
45,39,
45,40,
45,41,
45,42,0.2
45,43,
45,44,
45,45,
45,46,
45,47,
45,48,
45,49,
45,50,
45,51,
45,52,0.342
45,53,
45,54,
45,55,
45,56,
45,57,
45,58,
45,59,
45,60,
45,61,
45,62,
45,63,
45,64,
45,65,
45,66,
45,67,
45,68,
45,69,
45,70,
46,1,
46,2,
46,3,
46,4,
46,5,
46,6,
46,7,
46,8,
46,9,
46,10,
46,11,
46,12,
46,13,
46,14,
46,15,
46,16,
46,17,
46,18,
46,19,
46,20,
46,21,
46,22,
46,23,
46,24,
46,25,
46,26,
46,27,
46,28,
46,29,
46,30,
46,31,
46,32,
46,33,
46,34,
46,35,
46,36,
46,37,
46,38,
46,39,
46,40,
46,41,
46,42,
46,43,
46,44,
46,45,
46,46,
46,47,
46,48,
46,49,
46,50,
46,51,
46,52,
46,53,
46,54,
46,55,
46,56,
46,57,
46,58,
46,59,
46,60,
46,61,
46,62,
46,63,
46,64,
46,65,
46,66,
46,67,
46,68,0.165
46,69,0.167
46,70,0.135
47,1,
47,2,
47,3,
47,4,
47,5,
47,6,
47,7,
47,8,
47,9,
47,10,
47,11,
47,12,
47,13,
47,14,
47,15,
47,16,
47,17,
47,18,
47,19,
47,20,
47,21,
47,22,
47,23,
47,24,
47,25,
47,26,
47,27,
47,28,
47,29,
47,30,
47,31,
47,32,
47,33,
47,34,
47,35,
47,36,
47,37,
47,38,
47,39,
47,40,
47,41,
47,42,
47,43,
47,44,
47,45,
47,46,
47,47,
47,48,
47,49,0.201
47,50,0.189
47,51,0.235
47,52,
47,53,0.0974
47,54,0.0839
47,55,
47,56,0.109
47,57,0.103
47,58,0.0796
47,59,0.0801
47,60,0.0714
47,61,0.0927
47,62,0.0992
47,63,0.0942
47,64,0.0913
47,65,0.0881
47,66,0.085
47,67,0.0906
47,68,0.0883
47,69,0.103
47,70,0.0845
48,1,
48,2,
48,3,
48,4,
48,5,
48,6,
48,7,
48,8,
48,9,
48,10,
48,11,
48,12,
48,13,
48,14,
48,15,
48,16,
48,17,
48,18,
48,19,
48,20,
48,21,
48,22,
48,23,
48,24,
48,25,
48,26,
48,27,
48,28,
48,29,
48,30,
48,31,
48,32,
48,33,
48,34,
48,35,
48,36,
48,37,
48,38,
48,39,
48,40,
48,41,
48,42,
48,43,
48,44,
48,45,
48,46,
48,47,
48,48,
48,49,
48,50,
48,51,
48,52,
48,53,
48,54,
48,55,0.271
48,56,
48,57,
48,58,
48,59,0.299
48,60,0.248
48,61,0.25
48,62,0.248
48,63,0.243
48,64,0.293
48,65,0.344
48,66,0.341
48,67,0.322
48,68,0.316
48,69,0.308
48,70,0.296
49,1,
49,2,
49,3,
49,4,
49,5,
49,6,
49,7,
49,8,
49,9,
49,10,
49,11,
49,12,
49,13,
49,14,
49,15,
49,16,
49,17,
49,18,
49,19,
49,20,
49,21,
49,22,
49,23,
49,24,
49,25,
49,26,
49,27,
49,28,
49,29,
49,30,
49,31,
49,32,
49,33,
49,34,
49,35,
49,36,
49,37,
49,38,
49,39,
49,40,
49,41,
49,42,
49,43,
49,44,
49,45,
49,46,
49,47,
49,48,
49,49,0.131
49,50,0.133
49,51,0.125
49,52,
49,53,
49,54,
49,55,
49,56,
49,57,
49,58,
49,59,0.124
49,60,0.114
49,61,
49,62,
49,63,
49,64,
49,65,
49,66,
49,67,
49,68,
49,69,
49,70,
51,1,
51,2,
51,3,
51,4,
51,5,
51,6,
51,7,
51,8,
51,9,
51,10,
51,11,
51,12,
51,13,
51,14,
51,15,
51,16,
51,17,
51,18,
51,19,
51,20,
51,21,
51,22,
51,23,
51,24,
51,25,
51,26,
51,27,
51,28,
51,29,
51,30,
51,31,
51,32,
51,33,
51,34,
51,35,
51,36,
51,37,
51,38,
51,39,
51,40,
51,41,
51,42,
51,43,0.0163
51,44,0.0341
51,45,0.074
51,46,0.109
51,47,0.113
51,48,0.139
51,49,0.158
51,50,0.187
51,51,0.149
51,52,0.221
51,53,0.211
51,54,0.24
51,55,0.202
51,56,0.269
51,57,0.257
51,58,0.151
51,59,0.121
51,60,0.101
51,61,0.12
51,62,0.274
51,63,0.329
51,64,0.224
51,65,0.209
51,66,0.187
51,67,0.15
51,68,0.131
51,69,0.134
51,70,0.121
52,1,
52,2,
52,3,
52,4,
52,5,
52,6,
52,7,
52,8,
52,9,
52,10,
52,11,
52,12,
52,13,
52,14,
52,15,
52,16,
52,17,
52,18,
52,19,
52,20,
52,21,
52,22,
52,23,
52,24,
52,25,
52,26,
52,27,
52,28,
52,29,
52,30,
52,31,
52,32,
52,33,
52,34,
52,35,
52,36,
52,37,
52,38,
52,39,
52,40,
52,41,
52,42,
52,43,
52,44,
52,45,
52,46,
52,47,
52,48,
52,49,
52,50,
52,51,
52,52,
52,53,
52,54,
52,55,
52,56,
52,57,
52,58,
52,59,
52,60,
52,61,
52,62,
52,63,
52,64,
52,65,
52,66,
52,67,
52,68,
52,69,0.471
52,70,
53,1,
53,2,
53,3,
53,4,
53,5,
53,6,
53,7,
53,8,
53,9,
53,10,
53,11,
53,12,
53,13,
53,14,
53,15,
53,16,
53,17,
53,18,
53,19,
53,20,
53,21,
53,22,
53,23,
53,24,
53,25,
53,26,
53,27,
53,28,
53,29,
53,30,
53,31,
53,32,
53,33,
53,34,
53,35,
53,36,
53,37,
53,38,
53,39,
53,40,
53,41,
53,42,
53,43,
53,44,
53,45,
53,46,
53,47,
53,48,
53,49,
53,50,
53,51,
53,52,0.0542
53,53,
53,54,
53,55,
53,56,
53,57,
53,58,0.0361
53,59,
53,60,
53,61,
53,62,
53,63,
53,64,
53,65,
53,66,0.0353
53,67,
53,68,
53,69,
53,70,
54,1,
54,2,
54,3,
54,4,
54,5,
54,6,
54,7,
54,8,
54,9,
54,10,
54,11,
54,12,
54,13,
54,14,
54,15,
54,16,
54,17,
54,18,
54,19,
54,20,
54,21,
54,22,
54,23,
54,24,
54,25,
54,26,
54,27,
54,28,
54,29,
54,30,
54,31,
54,32,
54,33,
54,34,
54,35,
54,36,
54,37,
54,38,
54,39,
54,40,
54,41,
54,42,
54,43,
54,44,
54,45,
54,46,
54,47,
54,48,
54,49,
54,50,
54,51,
54,52,
54,53,
54,54,
54,55,
54,56,
54,57,
54,58,0.098
54,59,
54,60,
54,61,
54,62,
54,63,
54,64,0.142
54,65,
54,66,
54,67,0.181
54,68,
54,69,0.154
54,70,
55,1,
55,2,
55,3,
55,4,
55,5,
55,6,
55,7,
55,8,
55,9,
55,10,
55,11,
55,12,
55,13,
55,14,
55,15,
55,16,
55,17,
55,18,
55,19,
55,20,
55,21,
55,22,
55,23,
55,24,
55,25,
55,26,
55,27,
55,28,
55,29,
55,30,
55,31,
55,32,
55,33,
55,34,
55,35,
55,36,
55,37,
55,38,
55,39,
55,40,
55,41,
55,42,
55,43,0.0888
55,44,0.149
55,45,0.245
55,46,0.308
55,47,0.312
55,48,0.412
55,49,0.416
55,50,0.354
55,51,0.346
55,52,0.286
55,53,0.284
55,54,0.266
55,55,0.282
55,56,0.278
55,57,0.275
55,58,0.201
55,59,0.187
55,60,0.165
55,61,0.165
55,62,0.215
55,63,0.214
55,64,0.201
55,65,0.19
55,66,0.199
55,67,0.205
55,68,0.224
55,69,0.201
55,70,0.201
56,1,
56,2,
56,3,
56,4,
56,5,
56,6,
56,7,
56,8,
56,9,
56,10,
56,11,
56,12,
56,13,
56,14,
56,15,
56,16,
56,17,
56,18,
56,19,
56,20,
56,21,
56,22,
56,23,
56,24,
56,25,
56,26,
56,27,
56,28,
56,29,
56,30,
56,31,
56,32,
56,33,
56,34,
56,35,
56,36,0.198
56,37,0.246
56,38,0.257
56,39,0.239
56,40,0.234
56,41,0.221
56,42,0.195
56,43,0.198
56,44,0.197
56,45,0.217
56,46,0.255
56,47,0.288
56,48,0.271
56,49,0.276
56,50,0.289
56,51,0.262
56,52,0.263
56,53,0.206
56,54,0.18
56,55,0.189
56,56,0.173
56,57,0.198
56,58,0.203
56,59,0.213
56,60,0.188
56,61,0.183
56,62,0.229
56,63,0.225
56,64,0.219
56,65,0.237
56,66,0.241
56,67,0.242
56,68,0.247
56,69,0.246
56,70,0.223
57,1,
57,2,
57,3,
57,4,
57,5,
57,6,
57,7,
57,8,
57,9,
57,10,
57,11,
57,12,
57,13,
57,14,
57,15,
57,16,
57,17,
57,18,
57,19,
57,20,
57,21,
57,22,
57,23,
57,24,
57,25,
57,26,
57,27,
57,28,
57,29,
57,30,
57,31,
57,32,
57,33,
57,34,
57,35,
57,36,
57,37,
57,38,
57,39,
57,40,
57,41,
57,42,
57,43,
57,44,
57,45,
57,46,
57,47,
57,48,
57,49,
57,50,
57,51,
57,52,
57,53,
57,54,
57,55,
57,56,
57,57,
57,58,
57,59,
57,60,
57,61,
57,62,
57,63,0.357
57,64,
57,65,
57,66,
57,67,
57,68,
57,69,
57,70,
58,1,
58,2,
58,3,
58,4,
58,5,
58,6,
58,7,
58,8,
58,9,
58,10,
58,11,
58,12,
58,13,
58,14,
58,15,
58,16,
58,17,
58,18,
58,19,
58,20,
58,21,
58,22,
58,23,
58,24,
58,25,
58,26,
58,27,
58,28,
58,29,
58,30,
58,31,
58,32,
58,33,
58,34,
58,35,
58,36,
58,37,
58,38,
58,39,
58,40,
58,41,
58,42,
58,43,
58,44,
58,45,
58,46,
58,47,
58,48,
58,49,
58,50,
58,51,
58,52,
58,53,
58,54,
58,55,
58,56,
58,57,
58,58,
58,59,
58,60,
58,61,
58,62,
58,63,
58,64,
58,65,0.131
58,66,
58,67,
58,68,
58,69,
58,70,
59,1,
59,2,
59,3,
59,4,
59,5,
59,6,
59,7,
59,8,
59,9,
59,10,
59,11,
59,12,
59,13,
59,14,
59,15,
59,16,
59,17,
59,18,
59,19,
59,20,
59,21,
59,22,
59,23,
59,24,
59,25,
59,26,
59,27,
59,28,
59,29,
59,30,
59,31,
59,32,
59,33,
59,34,
59,35,
59,36,
59,37,
59,38,
59,39,
59,40,
59,41,
59,42,
59,43,
59,44,
59,45,
59,46,
59,47,
59,48,
59,49,
59,50,
59,51,
59,52,
59,53,
59,54,
59,55,
59,56,
59,57,
59,58,
59,59,
59,60,
59,61,
59,62,
59,63,
59,64,
59,65,
59,66,
59,67,
59,68,
59,69,
59,70,0.289
60,1,
60,2,
60,3,
60,4,
60,5,
60,6,
60,7,
60,8,
60,9,
60,10,
60,11,
60,12,
60,13,
60,14,
60,15,
60,16,
60,17,
60,18,
60,19,
60,20,
60,21,
60,22,
60,23,
60,24,
60,25,
60,26,
60,27,
60,28,
60,29,
60,30,
60,31,
60,32,
60,33,
60,34,
60,35,
60,36,0.106
60,37,0.103
60,38,0.098
60,39,0.0784
60,40,0.0748
60,41,0.0682
60,42,0.0553
60,43,0.0458
60,44,0.0551
60,45,0.0597
60,46,0.0767
60,47,0.0896
60,48,0.0847
60,49,0.0964
60,50,0.107
60,51,0.0979
60,52,0.0888
60,53,0.0855
60,54,0.0779
60,55,0.0929
60,56,0.11
60,57,0.13
60,58,0.155
60,59,0.138
60,60,0.119
60,61,0.106
60,62,0.112
60,63,0.0983
60,64,0.0853
60,65,0.0804
60,66,0.0783
60,67,0.0775
60,68,0.0723
60,69,0.0705
60,70,0.0676
61,1,
61,2,
61,3,
61,4,
61,5,
61,6,
61,7,
61,8,
61,9,
61,10,
61,11,
61,12,
61,13,
61,14,
61,15,
61,16,
61,17,
61,18,
61,19,
61,20,
61,21,
61,22,
61,23,
61,24,
61,25,
61,26,
61,27,
61,28,
61,29,
61,30,
61,31,
61,32,
61,33,
61,34,
61,35,
61,36,
61,37,
61,38,
61,39,
61,40,
61,41,
61,42,
61,43,
61,44,
61,45,
61,46,
61,47,
61,48,
61,49,
61,50,
61,51,
61,52,
61,53,
61,54,
61,55,
61,56,
61,57,
61,58,
61,59,
61,60,
61,61,
61,62,
61,63,
61,64,
61,65,
61,66,
61,67,
61,68,0.152
61,69,
61,70,
62,1,
62,2,
62,3,
62,4,
62,5,
62,6,
62,7,
62,8,
62,9,
62,10,
62,11,
62,12,
62,13,
62,14,
62,15,
62,16,
62,17,
62,18,
62,19,
62,20,
62,21,
62,22,
62,23,
62,24,
62,25,
62,26,
62,27,
62,28,
62,29,
62,30,
62,31,
62,32,
62,33,
62,34,
62,35,
62,36,0.231
62,37,0.239
62,38,0.242
62,39,0.242
62,40,0.25
62,41,0.26
62,42,0.249
62,43,0.233
62,44,0.245
62,45,0.25
62,46,0.267
62,47,0.277
62,48,0.279
62,49,0.312
62,50,0.31
62,51,0.293
62,52,0.314
62,53,0.292
62,54,0.279
62,55,0.258
62,56,0.254
62,57,0.261
62,58,0.258
62,59,0.25
62,60,0.227
62,61,0.219
62,62,0.257
62,63,0.33
62,64,0.447
62,65,0.553
62,66,0.583
62,67,0.524
62,68,0.498
62,69,0.473
62,70,0.436
63,1,
63,2,
63,3,
63,4,
63,5,
63,6,
63,7,
63,8,
63,9,
63,10,
63,11,
63,12,
63,13,
63,14,
63,15,
63,16,
63,17,
63,18,
63,19,
63,20,
63,21,
63,22,
63,23,
63,24,
63,25,
63,26,
63,27,
63,28,
63,29,
63,30,
63,31,
63,32,
63,33,
63,34,
63,35,
63,36,
63,37,
63,38,
63,39,
63,40,
63,41,
63,42,
63,43,
63,44,
63,45,
63,46,
63,47,0.445
63,48,
63,49,0.301
63,50,
63,51,0.315
63,52,
63,53,
63,54,
63,55,
63,56,
63,57,
63,58,
63,59,
63,60,
63,61,
63,62,
63,63,
63,64,
63,65,
63,66,
63,67,
63,68,
63,69,
63,70,
64,1,
64,2,
64,3,
64,4,
64,5,
64,6,
64,7,
64,8,
64,9,
64,10,
64,11,
64,12,
64,13,
64,14,
64,15,
64,16,
64,17,
64,18,
64,19,
64,20,
64,21,
64,22,
64,23,
64,24,
64,25,
64,26,
64,27,
64,28,
64,29,
64,30,
64,31,
64,32,
64,33,
64,34,
64,35,
64,36,
64,37,
64,38,
64,39,
64,40,
64,41,
64,42,
64,43,
64,44,
64,45,
64,46,
64,47,
64,48,
64,49,
64,50,
64,51,
64,52,
64,53,
64,54,
64,55,
64,56,0.0443
64,57,0.0549
64,58,
64,59,
64,60,
64,61,
64,62,
64,63,0.0538
64,64,0.0754
64,65,0.0473
64,66,0.0562
64,67,0.0585
64,68,0.057
64,69,0.061
64,70,
65,1,
65,2,
65,3,
65,4,
65,5,
65,6,
65,7,
65,8,
65,9,
65,10,
65,11,
65,12,
65,13,
65,14,
65,15,
65,16,
65,17,
65,18,
65,19,
65,20,
65,21,
65,22,
65,23,
65,24,
65,25,
65,26,
65,27,
65,28,
65,29,
65,30,
65,31,
65,32,
65,33,
65,34,
65,35,
65,36,
65,37,
65,38,
65,39,
65,40,
65,41,
65,42,
65,43,
65,44,
65,45,
65,46,
65,47,
65,48,
65,49,
65,50,
65,51,
65,52,
65,53,
65,54,
65,55,0.0567
65,56,
65,57,
65,58,
65,59,
65,60,
65,61,
65,62,
65,63,
65,64,
65,65,
65,66,
65,67,
65,68,
65,69,
65,70,
66,1,
66,2,
66,3,
66,4,
66,5,
66,6,
66,7,
66,8,
66,9,
66,10,
66,11,
66,12,
66,13,
66,14,
66,15,
66,16,
66,17,
66,18,
66,19,
66,20,
66,21,
66,22,
66,23,
66,24,
66,25,
66,26,
66,27,
66,28,
66,29,
66,30,
66,31,
66,32,
66,33,
66,34,
66,35,
66,36,
66,37,
66,38,
66,39,
66,40,0.255
66,41,
66,42,
66,43,
66,44,
66,45,
66,46,
66,47,
66,48,
66,49,
66,50,
66,51,
66,52,
66,53,
66,54,
66,55,
66,56,
66,57,
66,58,
66,59,
66,60,
66,61,
66,62,
66,63,
66,64,
66,65,
66,66,
66,67,
66,68,
66,69,
66,70,
68,1,
68,2,
68,3,
68,4,
68,5,
68,6,
68,7,
68,8,
68,9,
68,10,
68,11,
68,12,
68,13,
68,14,
68,15,
68,16,
68,17,
68,18,
68,19,
68,20,
68,21,
68,22,
68,23,
68,24,
68,25,
68,26,
68,27,
68,28,
68,29,
68,30,
68,31,
68,32,
68,33,
68,34,
68,35,
68,36,
68,37,
68,38,
68,39,
68,40,
68,41,
68,42,
68,43,
68,44,
68,45,
68,46,
68,47,
68,48,
68,49,
68,50,
68,51,
68,52,
68,53,
68,54,
68,55,
68,56,
68,57,
68,58,0.0874
68,59,0.0622
68,60,0.0553
68,61,0.0554
68,62,0.0599
68,63,0.0748
68,64,0.0802
68,65,0.0696
68,66,0.0721
68,67,0.0935
68,68,0.0786
68,69,0.0846
68,70,0.0785
69,1,
69,2,
69,3,
69,4,
69,5,
69,6,
69,7,
69,8,
69,9,
69,10,
69,11,
69,12,
69,13,
69,14,
69,15,
69,16,
69,17,
69,18,
69,19,
69,20,
69,21,
69,22,
69,23,
69,24,
69,25,
69,26,
69,27,
69,28,
69,29,
69,30,
69,31,
69,32,
69,33,
69,34,
69,35,
69,36,
69,37,
69,38,
69,39,
69,40,
69,41,
69,42,
69,43,
69,44,
69,45,0.188
69,46,0.229
69,47,0.209
69,48,0.186
69,49,0.194
69,50,0.169
69,51,0.152
69,52,0.123
69,53,0.123
69,54,0.107
69,55,0.114
69,56,0.129
69,57,0.144
69,58,0.194
69,59,0.191
69,60,0.18
69,61,0.195
69,62,0.264
69,63,0.264
69,64,0.26
69,65,0.282
69,66,0.266
69,67,0.204
69,68,0.173
69,69,0.129
69,70,0.107
70,1,
70,2,
70,3,
70,4,
70,5,
70,6,
70,7,
70,8,
70,9,
70,10,
70,11,
70,12,
70,13,
70,14,
70,15,
70,16,
70,17,
70,18,
70,19,
70,20,
70,21,
70,22,
70,23,
70,24,
70,25,
70,26,
70,27,
70,28,
70,29,
70,30,
70,31,
70,32,
70,33,
70,34,
70,35,
70,36,
70,37,
70,38,
70,39,
70,40,
70,41,
70,42,
70,43,
70,44,0.0489
70,45,0.099
70,46,0.0996
70,47,0.115
70,48,0.122
70,49,0.0869
70,50,0.0811
70,51,0.0701
70,52,0.0429
70,53,0.0439
70,54,0.0507
70,55,0.0635
70,56,0.125
70,57,0.121
70,58,0.0737
70,59,0.0829
70,60,0.0701
70,61,0.082
70,62,0.159
70,63,0.162
70,64,0.144
70,65,0.135
70,66,0.106
70,67,0.0979
70,68,0.0882
70,69,0.0651
70,70,0.0787
71,1,
71,2,
71,3,
71,4,
71,5,
71,6,
71,7,
71,8,
71,9,
71,10,
71,11,
71,12,
71,13,
71,14,
71,15,
71,16,
71,17,
71,18,
71,19,
71,20,
71,21,
71,22,
71,23,
71,24,
71,25,
71,26,
71,27,
71,28,
71,29,
71,30,
71,31,
71,32,
71,33,
71,34,
71,35,
71,36,
71,37,
71,38,
71,39,
71,40,
71,41,
71,42,
71,43,
71,44,
71,45,
71,46,
71,47,0.0744
71,48,
71,49,
71,50,
71,51,
71,52,
71,53,0.0806
71,54,
71,55,
71,56,
71,57,
71,58,0.0903
71,59,
71,60,
71,61,
71,62,
71,63,0.0904
71,64,
71,65,0.101
71,66,
71,67,
71,68,
71,69,
71,70,
72,1,
72,2,
72,3,
72,4,
72,5,
72,6,
72,7,
72,8,
72,9,
72,10,
72,11,
72,12,
72,13,
72,14,
72,15,
72,16,
72,17,
72,18,
72,19,
72,20,
72,21,
72,22,
72,23,
72,24,
72,25,
72,26,
72,27,
72,28,
72,29,
72,30,
72,31,
72,32,
72,33,
72,34,
72,35,
72,36,
72,37,
72,38,
72,39,
72,40,
72,41,
72,42,
72,43,
72,44,
72,45,
72,46,
72,47,
72,48,
72,49,
72,50,
72,51,
72,52,0.19
72,53,0.199
72,54,0.199
72,55,0.224
72,56,0.221
72,57,0.244
72,58,0.262
72,59,0.245
72,60,0.226
72,61,0.195
72,62,0.189
72,63,0.176
72,64,0.184
72,65,0.155
72,66,0.157
72,67,0.157
72,68,0.17
72,69,0.158
72,70,0.156
73,1,
73,2,
73,3,
73,4,
73,5,
73,6,
73,7,
73,8,
73,9,
73,10,
73,11,
73,12,
73,13,
73,14,
73,15,
73,16,
73,17,
73,18,
73,19,
73,20,
73,21,
73,22,
73,23,
73,24,
73,25,
73,26,
73,27,
73,28,
73,29,
73,30,
73,31,
73,32,
73,33,
73,34,
73,35,
73,36,
73,37,
73,38,
73,39,
73,40,
73,41,
73,42,
73,43,
73,44,
73,45,
73,46,
73,47,
73,48,
73,49,
73,50,
73,51,
73,52,
73,53,
73,54,
73,55,
73,56,
73,57,
73,58,
73,59,
73,60,0.223
73,61,0.23
73,62,0.247
73,63,0.287
73,64,
73,65,
73,66,
73,67,0.252
73,68,0.261
73,69,0.292
73,70,0.284
74,1,
74,2,
74,3,
74,4,
74,5,
74,6,
74,7,
74,8,
74,9,
74,10,
74,11,
74,12,
74,13,
74,14,
74,15,
74,16,
74,17,
74,18,
74,19,
74,20,
74,21,
74,22,
74,23,
74,24,
74,25,
74,26,
74,27,
74,28,
74,29,
74,30,
74,31,
74,32,
74,33,
74,34,
74,35,
74,36,
74,37,
74,38,
74,39,
74,40,
74,41,
74,42,
74,43,
74,44,
74,45,
74,46,
74,47,
74,48,
74,49,
74,50,
74,51,
74,52,
74,53,
74,54,
74,55,
74,56,
74,57,
74,58,
74,59,
74,60,0.173
74,61,
74,62,
74,63,
74,64,
74,65,0.161
74,66,
74,67,
74,68,
74,69,
74,70,
75,1,
75,2,
75,3,
75,4,
75,5,
75,6,
75,7,
75,8,
75,9,
75,10,
75,11,
75,12,
75,13,
75,14,
75,15,
75,16,
75,17,
75,18,
75,19,
75,20,
75,21,
75,22,
75,23,
75,24,
75,25,
75,26,
75,27,
75,28,
75,29,
75,30,
75,31,
75,32,
75,33,
75,34,
75,35,
75,36,0.213
75,37,0.234
75,38,0.25
75,39,0.262
75,40,0.26
75,41,0.252
75,42,0.218
75,43,0.197
75,44,0.231
75,45,0.227
75,46,0.25
75,47,0.23
75,48,0.19
75,49,0.181
75,50,0.159
75,51,0.114
75,52,0.0856
75,53,0.0653
75,54,0.0618
75,55,0.0782
75,56,0.0813
75,57,0.0829
75,58,0.0856
75,59,0.086
75,60,0.0916
75,61,0.135
75,62,0.245
75,63,0.281
75,64,0.296
75,65,0.308
75,66,0.267
75,67,0.234
75,68,0.202
75,69,0.168
75,70,0.144
76,1,
76,2,
76,3,
76,4,
76,5,
76,6,
76,7,
76,8,
76,9,
76,10,
76,11,
76,12,
76,13,
76,14,
76,15,
76,16,
76,17,
76,18,
76,19,
76,20,
76,21,
76,22,
76,23,
76,24,
76,25,
76,26,
76,27,0.078
76,28,
76,29,0.0983
76,30,
76,31,0.0987
76,32,0.0804
76,33,0.133
76,34,0.143
76,35,0.141
76,36,0.128
76,37,0.163
76,38,0.173
76,39,
76,40,
76,41,
76,42,
76,43,0.218
76,44,0.221
76,45,0.226
76,46,0.207
76,47,0.167
76,48,0.149
76,49,0.136
76,50,0.15
76,51,0.169
76,52,0.167
76,53,0.173
76,54,0.187
76,55,0.208
76,56,0.224
76,57,0.206
76,58,0.178
76,59,0.184
76,60,0.162
76,61,0.125
76,62,0.147
76,63,0.142
76,64,0.118
76,65,0.121
76,66,0.105
76,67,0.106
76,68,0.093
76,69,0.0863
76,70,0.0726
77,1,
77,2,
77,3,
77,4,
77,5,
77,6,
77,7,
77,8,
77,9,
77,10,
77,11,
77,12,
77,13,
77,14,
77,15,
77,16,
77,17,
77,18,
77,19,
77,20,
77,21,
77,22,
77,23,
77,24,
77,25,
77,26,
77,27,
77,28,
77,29,
77,30,
77,31,
77,32,
77,33,
77,34,
77,35,
77,36,0.289
77,37,0.315
77,38,0.321
77,39,0.333
77,40,0.337
77,41,0.333
77,42,0.318
77,43,0.289
77,44,0.281
77,45,0.283
77,46,0.302
77,47,0.318
77,48,0.335
77,49,0.347
77,50,0.346
77,51,0.338
77,52,0.33
77,53,0.315
77,54,0.278
77,55,0.271
77,56,0.268
77,57,0.244
77,58,0.241
77,59,0.218
77,60,0.204
77,61,0.212
77,62,0.253
77,63,0.279
77,64,0.292
77,65,0.353
77,66,0.4
77,67,0.427
77,68,0.403
77,69,0.378
77,70,0.347
78,1,
78,2,
78,3,
78,4,
78,5,
78,6,
78,7,
78,8,
78,9,
78,10,
78,11,
78,12,
78,13,
78,14,
78,15,
78,16,
78,17,
78,18,
78,19,
78,20,
78,21,
78,22,
78,23,
78,24,
78,25,
78,26,
78,27,
78,28,
78,29,
78,30,
78,31,
78,32,
78,33,
78,34,
78,35,
78,36,
78,37,
78,38,
78,39,
78,40,
78,41,
78,42,
78,43,0.318
78,44,
78,45,
78,46,
78,47,0.273
78,48,
78,49,
78,50,
78,51,0.332
78,52,
78,53,
78,54,
78,55,
78,56,0.213
78,57,0.281
78,58,
78,59,
78,60,
78,61,0.264
78,62,
78,63,
78,64,
78,65,0.335
78,66,0.378
78,67,0.343
78,68,0.328
78,69,0.318
78,70,0.282
79,1,
79,2,
79,3,
79,4,
79,5,
79,6,
79,7,
79,8,
79,9,
79,10,
79,11,
79,12,
79,13,
79,14,
79,15,
79,16,
79,17,
79,18,
79,19,
79,20,
79,21,0.018
79,22,0.019
79,23,0.02
79,24,0.02
79,25,0.025
79,26,0.022
79,27,0.024
79,28,0.031
79,29,0.031
79,30,0.035
79,31,0.038
79,32,0.037
79,33,0.036
79,34,0.039
79,35,0.044
79,36,0.045
79,37,0.049
79,38,0.048
79,39,0.052
79,40,0.052
79,41,0.049
79,42,0.046
79,43,0.043
79,44,0.045
79,45,0.044
79,46,0.05
79,47,0.056
79,48,0.061
79,49,0.066
79,50,0.067
79,51,0.077
79,52,0.091
79,53,0.091
79,54,0.096
79,55,0.099
79,56,0.101
79,57,0.095
79,58,0.087
79,59,0.08
79,60,0.077
79,61,0.072
79,62,0.091
79,63,0.094
79,64,0.0801
79,65,0.081
79,66,0.069
79,67,0.063
79,68,0.055
79,69,0.051
79,70,0.046
81,1,
81,2,
81,3,
81,4,
81,5,
81,6,
81,7,
81,8,
81,9,
81,10,
81,11,
81,12,
81,13,
81,14,
81,15,
81,16,
81,17,
81,18,
81,19,
81,20,
81,21,
81,22,
81,23,
81,24,
81,25,
81,26,
81,27,
81,28,
81,29,
81,30,
81,31,
81,32,
81,33,
81,34,
81,35,
81,36,
81,37,
81,38,
81,39,
81,40,
81,41,
81,42,
81,43,
81,44,
81,45,
81,46,
81,47,
81,48,
81,49,
81,50,
81,51,
81,52,
81,53,
81,54,
81,55,0.173
81,56,0.145
81,57,0.143
81,58,
81,59,
81,60,
81,61,0.0741
81,62,0.0668
81,63,0.0521
81,64,0.0457
81,65,0.0393
81,66,0.0391
81,67,
81,68,
81,69,
81,70,
82,1,
82,2,
82,3,
82,4,
82,5,
82,6,
82,7,
82,8,
82,9,
82,10,
82,11,
82,12,
82,13,
82,14,
82,15,
82,16,
82,17,
82,18,
82,19,
82,20,
82,21,
82,22,
82,23,
82,24,
82,25,
82,26,
82,27,
82,28,
82,29,
82,30,
82,31,
82,32,
82,33,
82,34,
82,35,
82,36,
82,37,
82,38,
82,39,
82,40,
82,41,
82,42,
82,43,
82,44,
82,45,
82,46,
82,47,
82,48,
82,49,
82,50,
82,51,
82,52,0.213
82,53,
82,54,
82,55,
82,56,
82,57,
82,58,
82,59,
82,60,
82,61,
82,62,
82,63,
82,64,
82,65,
82,66,
82,67,
82,68,
82,69,
82,70,
83,1,
83,2,
83,3,
83,4,
83,5,
83,6,
83,7,
83,8,
83,9,
83,10,
83,11,
83,12,
83,13,
83,14,
83,15,
83,16,
83,17,
83,18,
83,19,
83,20,
83,21,
83,22,
83,23,
83,24,
83,25,
83,26,
83,27,
83,28,
83,29,
83,30,
83,31,
83,32,
83,33,
83,34,
83,35,
83,36,
83,37,
83,38,
83,39,
83,40,
83,41,
83,42,
83,43,
83,44,
83,45,
83,46,
83,47,
83,48,
83,49,
83,50,
83,51,
83,52,
83,53,
83,54,
83,55,
83,56,
83,57,
83,58,
83,59,
83,60,
83,61,
83,62,
83,63,0.54
83,64,
83,65,
83,66,
83,67,
83,68,
83,69,
83,70,
84,1,
84,2,
84,3,
84,4,
84,5,
84,6,
84,7,
84,8,
84,9,
84,10,
84,11,
84,12,
84,13,
84,14,
84,15,
84,16,
84,17,
84,18,
84,19,
84,20,
84,21,
84,22,
84,23,
84,24,
84,25,
84,26,
84,27,
84,28,
84,29,
84,30,
84,31,
84,32,
84,33,
84,34,
84,35,
84,36,0.0474
84,37,
84,38,
84,39,
84,40,
84,41,
84,42,
84,43,
84,44,
84,45,
84,46,
84,47,
84,48,
84,49,
84,50,
84,51,
84,52,
84,53,
84,54,
84,55,
84,56,
84,57,
84,58,
84,59,
84,60,
84,61,
84,62,
84,63,
84,64,
84,65,
84,66,
84,67,
84,68,0.153
84,69,0.154
84,70,
85,1,
85,2,
85,3,
85,4,
85,5,
85,6,
85,7,
85,8,
85,9,
85,10,
85,11,
85,12,
85,13,
85,14,
85,15,
85,16,
85,17,
85,18,
85,19,
85,20,
85,21,
85,22,
85,23,
85,24,
85,25,
85,26,
85,27,
85,28,
85,29,
85,30,
85,31,
85,32,
85,33,
85,34,
85,35,
85,36,
85,37,
85,38,
85,39,
85,40,
85,41,
85,42,
85,43,
85,44,
85,45,
85,46,
85,47,
85,48,
85,49,
85,50,
85,51,
85,52,
85,53,
85,54,
85,55,0.201
85,56,
85,57,0.152
85,58,0.144
85,59,0.146
85,60,
85,61,
85,62,0.168
85,63,0.167
85,64,0.166
85,65,0.176
85,66,0.134
85,67,0.14
85,68,0.15
85,69,0.155
85,70,0.148
86,1,
86,2,
86,3,
86,4,
86,5,
86,6,
86,7,
86,8,
86,9,
86,10,
86,11,
86,12,
86,13,
86,14,
86,15,
86,16,
86,17,
86,18,
86,19,
86,20,
86,21,
86,22,
86,23,
86,24,
86,25,
86,26,
86,27,
86,28,
86,29,
86,30,
86,31,
86,32,
86,33,
86,34,
86,35,
86,36,
86,37,
86,38,
86,39,
86,40,
86,41,
86,42,
86,43,
86,44,
86,45,
86,46,
86,47,
86,48,
86,49,
86,50,
86,51,
86,52,
86,53,
86,54,
86,55,
86,56,
86,57,
86,58,
86,59,
86,60,
86,61,
86,62,
86,63,0.0177
86,64,
86,65,
86,66,
86,67,
86,68,
86,69,
86,70,0.182
87,1,
87,2,
87,3,
87,4,
87,5,
87,6,
87,7,
87,8,
87,9,
87,10,
87,11,
87,12,
87,13,
87,14,
87,15,
87,16,
87,17,
87,18,
87,19,
87,20,
87,21,
87,22,
87,23,
87,24,
87,25,
87,26,
87,27,
87,28,
87,29,
87,30,
87,31,
87,32,
87,33,
87,34,
87,35,
87,36,
87,37,
87,38,
87,39,
87,40,
87,41,
87,42,
87,43,
87,44,
87,45,
87,46,
87,47,
87,48,
87,49,
87,50,
87,51,0.27
87,52,0.235
87,53,0.213
87,54,0.242
87,55,0.253
87,56,0.204
87,57,0.218
87,58,0.151
87,59,0.136
87,60,0.106
87,61,0.136
87,62,0.333
87,63,0.362
87,64,0.31
87,65,0.285
87,66,0.232
87,67,0.196
87,68,0.163
87,69,0.173
87,70,0.17
88,1,
88,2,
88,3,
88,4,
88,5,
88,6,
88,7,
88,8,
88,9,
88,10,
88,11,
88,12,
88,13,
88,14,
88,15,
88,16,
88,17,
88,18,
88,19,
88,20,
88,21,
88,22,
88,23,
88,24,
88,25,
88,26,
88,27,
88,28,
88,29,
88,30,
88,31,
88,32,
88,33,
88,34,
88,35,
88,36,
88,37,
88,38,
88,39,
88,40,
88,41,
88,42,
88,43,
88,44,
88,45,
88,46,
88,47,
88,48,
88,49,
88,50,
88,51,
88,52,
88,53,
88,54,
88,55,
88,56,
88,57,0.199
88,58,
88,59,
88,60,0.221
88,61,
88,62,
88,63,
88,64,
88,65,
88,66,
88,67,
88,68,
88,69,
88,70,
89,1,
89,2,
89,3,
89,4,
89,5,
89,6,
89,7,
89,8,
89,9,
89,10,
89,11,
89,12,
89,13,
89,14,
89,15,
89,16,
89,17,
89,18,
89,19,
89,20,
89,21,
89,22,
89,23,
89,24,
89,25,
89,26,
89,27,
89,28,
89,29,
89,30,
89,31,
89,32,
89,33,
89,34,
89,35,
89,36,
89,37,
89,38,
89,39,
89,40,
89,41,
89,42,
89,43,
89,44,
89,45,
89,46,
89,47,
89,48,
89,49,
89,50,
89,51,
89,52,0.335
89,53,
89,54,
89,55,
89,56,
89,57,
89,58,
89,59,
89,60,
89,61,0.486
89,62,
89,63,
89,64,
89,65,
89,66,0.344
89,67,
89,68,
89,69,
89,70,
90,1,
90,2,
90,3,
90,4,
90,5,
90,6,
90,7,
90,8,
90,9,
90,10,
90,11,
90,12,
90,13,
90,14,
90,15,
90,16,
90,17,
90,18,
90,19,
90,20,
90,21,
90,22,
90,23,
90,24,
90,25,
90,26,
90,27,
90,28,
90,29,
90,30,
90,31,
90,32,
90,33,
90,34,
90,35,
90,36,
90,37,
90,38,
90,39,
90,40,
90,41,
90,42,
90,43,
90,44,
90,45,
90,46,
90,47,
90,48,
90,49,
90,50,
90,51,
90,52,
90,53,
90,54,
90,55,
90,56,
90,57,
90,58,
90,59,
90,60,
90,61,
90,62,
90,63,0.0331
90,64,
90,65,
90,66,
90,67,
90,68,
90,69,
90,70,
91,1,
91,2,
91,3,
91,4,
91,5,
91,6,
91,7,
91,8,
91,9,
91,10,
91,11,
91,12,
91,13,
91,14,
91,15,
91,16,
91,17,
91,18,
91,19,
91,20,
91,21,
91,22,
91,23,
91,24,
91,25,
91,26,
91,27,
91,28,
91,29,
91,30,
91,31,
91,32,
91,33,
91,34,
91,35,
91,36,
91,37,
91,38,
91,39,
91,40,
91,41,
91,42,
91,43,
91,44,
91,45,
91,46,
91,47,
91,48,
91,49,
91,50,
91,51,
91,52,
91,53,
91,54,
91,55,
91,56,
91,57,
91,58,
91,59,
91,60,
91,61,
91,62,
91,63,
91,64,
91,65,0.487
91,66,
91,67,
91,68,
91,69,
91,70,
93,1,
93,2,
93,3,
93,4,
93,5,
93,6,
93,7,
93,8,
93,9,
93,10,
93,11,
93,12,
93,13,
93,14,
93,15,
93,16,
93,17,
93,18,
93,19,
93,20,
93,21,
93,22,
93,23,
93,24,
93,25,
93,26,
93,27,
93,28,
93,29,
93,30,
93,31,
93,32,
93,33,
93,34,
93,35,
93,36,
93,37,
93,38,
93,39,
93,40,
93,41,
93,42,
93,43,
93,44,
93,45,
93,46,
93,47,
93,48,
93,49,
93,50,
93,51,0.252
93,52,0.255
93,53,0.286
93,54,0.316
93,55,0.204
93,56,0.269
93,57,0.203
93,58,0.158
93,59,0.0998
93,60,0.084
93,61,0.133
93,62,0.296
93,63,0.357
93,64,0.326
93,65,0.267
93,66,0.219
93,67,0.193
93,68,0.163
93,69,0.145
93,70,0.133
94,1,
94,2,
94,3,
94,4,
94,5,
94,6,
94,7,
94,8,
94,9,
94,10,
94,11,
94,12,
94,13,
94,14,
94,15,
94,16,
94,17,
94,18,
94,19,
94,20,
94,21,
94,22,
94,23,
94,24,
94,25,
94,26,
94,27,
94,28,
94,29,
94,30,
94,31,
94,32,
94,33,
94,34,
94,35,
94,36,0.0671
94,37,0.0532
94,38,0.0646
94,39,0.0606
94,40,0.0537
94,41,0.0472
94,42,0.0334
94,43,0.036
94,44,0.0263
94,45,0.0368
94,46,0.0435
94,47,0.079
94,48,0.0725
94,49,0.0923
94,50,0.0727
94,51,0.0641
94,52,0.0675
94,53,0.0638
94,54,0.0634
94,55,0.0696
94,56,0.109
94,57,0.169
94,58,0.137
94,59,0.162
94,60,0.152
94,61,0.179
94,62,0.172
94,63,0.142
94,64,0.168
94,65,0.188
94,66,0.155
94,67,0.226
94,68,0.173
94,69,0.189
94,70,0.154
95,1,
95,2,
95,3,
95,4,
95,5,
95,6,
95,7,
95,8,
95,9,
95,10,
95,11,
95,12,
95,13,
95,14,
95,15,
95,16,
95,17,
95,18,
95,19,
95,20,
95,21,
95,22,
95,23,
95,24,
95,25,
95,26,
95,27,
95,28,
95,29,
95,30,
95,31,
95,32,
95,33,
95,34,
95,35,
95,36,
95,37,
95,38,
95,39,
95,40,
95,41,
95,42,
95,43,
95,44,
95,45,
95,46,
95,47,
95,48,
95,49,
95,50,
95,51,
95,52,
95,53,
95,54,
95,55,
95,56,
95,57,
95,58,
95,59,
95,60,
95,61,
95,62,
95,63,
95,64,
95,65,0.00985
95,66,
95,67,
95,68,
95,69,
95,70,
96,1,
96,2,
96,3,
96,4,
96,5,
96,6,
96,7,
96,8,
96,9,
96,10,
96,11,
96,12,
96,13,
96,14,
96,15,
96,16,
96,17,
96,18,
96,19,
96,20,
96,21,
96,22,
96,23,
96,24,
96,25,
96,26,
96,27,
96,28,
96,29,
96,30,
96,31,
96,32,
96,33,
96,34,
96,35,
96,36,
96,37,
96,38,
96,39,
96,40,
96,41,
96,42,
96,43,
96,44,
96,45,
96,46,
96,47,
96,48,
96,49,
96,50,
96,51,
96,52,
96,53,
96,54,
96,55,
96,56,
96,57,
96,58,
96,59,
96,60,
96,61,
96,62,
96,63,
96,64,
96,65,
96,66,0.0799
96,67,
96,68,
96,69,
96,70,
97,1,
97,2,
97,3,
97,4,
97,5,
97,6,
97,7,
97,8,
97,9,
97,10,
97,11,
97,12,
97,13,
97,14,
97,15,
97,16,
97,17,
97,18,
97,19,
97,20,
97,21,
97,22,
97,23,
97,24,
97,25,
97,26,
97,27,
97,28,
97,29,
97,30,
97,31,
97,32,
97,33,
97,34,
97,35,
97,36,
97,37,
97,38,
97,39,
97,40,
97,41,
97,42,
97,43,
97,44,
97,45,
97,46,
97,47,
97,48,
97,49,
97,50,
97,51,
97,52,
97,53,
97,54,
97,55,
97,56,
97,57,
97,58,
97,59,
97,60,0.109
97,61,0.109
97,62,0.119
97,63,0.114
97,64,0.097
97,65,0.0994
97,66,0.0978
97,67,0.0951
97,68,0.107
97,69,0.105
97,70,
98,1,
98,2,
98,3,
98,4,
98,5,
98,6,
98,7,
98,8,
98,9,
98,10,
98,11,
98,12,
98,13,
98,14,
98,15,
98,16,
98,17,
98,18,
98,19,
98,20,
98,21,
98,22,
98,23,
98,24,
98,25,
98,26,
98,27,
98,28,
98,29,
98,30,
98,31,
98,32,
98,33,
98,34,
98,35,
98,36,
98,37,
98,38,
98,39,
98,40,
98,41,
98,42,
98,43,
98,44,
98,45,
98,46,
98,47,
98,48,
98,49,
98,50,
98,51,
98,52,
98,53,
98,54,
98,55,
98,56,
98,57,
98,58,
98,59,
98,60,
98,61,
98,62,
98,63,
98,64,
98,65,
98,66,
98,67,
98,68,
98,69,0.159
98,70,
99,1,
99,2,
99,3,
99,4,
99,5,
99,6,
99,7,
99,8,
99,9,
99,10,
99,11,
99,12,
99,13,
99,14,
99,15,
99,16,
99,17,
99,18,
99,19,
99,20,
99,21,
99,22,
99,23,
99,24,
99,25,
99,26,
99,27,
99,28,
99,29,
99,30,
99,31,
99,32,
99,33,
99,34,
99,35,
99,36,
99,37,
99,38,
99,39,
99,40,
99,41,
99,42,
99,43,
99,44,
99,45,
99,46,
99,47,
99,48,
99,49,
99,50,
99,51,
99,52,
99,53,
99,54,
99,55,
99,56,
99,57,
99,58,
99,59,
99,60,
99,61,
99,62,
99,63,0.107
99,64,
99,65,
99,66,
99,67,0.0815
99,68,0.2
99,69,0.304
99,70,
100,1,
100,2,
100,3,
100,4,
100,5,
100,6,
100,7,
100,8,
100,9,
100,10,
100,11,
100,12,
100,13,
100,14,
100,15,
100,16,
100,17,
100,18,
100,19,
100,20,
100,21,
100,22,
100,23,
100,24,
100,25,
100,26,
100,27,
100,28,
100,29,
100,30,
100,31,
100,32,
100,33,
100,34,
100,35,
100,36,
100,37,
100,38,
100,39,
100,40,
100,41,
100,42,
100,43,
100,44,
100,45,
100,46,
100,47,
100,48,
100,49,
100,50,
100,51,
100,52,
100,53,0.118
100,54,0.176
100,55,0.153
100,56,0.174
100,57,0.183
100,58,0.161
100,59,0.155
100,60,0.135
100,61,0.117
100,62,0.145
100,63,0.132
100,64,0.133
100,65,0.141
100,66,0.13
100,67,0.117
100,68,0.118
100,69,0.11
100,70,0.113
102,1,
102,2,
102,3,
102,4,
102,5,
102,6,
102,7,
102,8,
102,9,
102,10,
102,11,
102,12,
102,13,
102,14,
102,15,
102,16,
102,17,
102,18,
102,19,
102,20,
102,21,
102,22,
102,23,
102,24,
102,25,
102,26,
102,27,
102,28,
102,29,
102,30,
102,31,
102,32,
102,33,
102,34,
102,35,
102,36,
102,37,
102,38,
102,39,
102,40,
102,41,
102,42,
102,43,
102,44,
102,45,
102,46,
102,47,
102,48,
102,49,
102,50,
102,51,
102,52,
102,53,
102,54,
102,55,
102,56,
102,57,
102,58,
102,59,
102,60,
102,61,
102,62,
102,63,
102,64,
102,65,0.152
102,66,
102,67,
102,68,
102,69,
102,70,
103,1,
103,2,
103,3,
103,4,
103,5,
103,6,
103,7,
103,8,
103,9,
103,10,
103,11,
103,12,
103,13,
103,14,
103,15,
103,16,
103,17,
103,18,
103,19,
103,20,
103,21,
103,22,
103,23,
103,24,
103,25,
103,26,
103,27,
103,28,
103,29,
103,30,
103,31,
103,32,
103,33,
103,34,
103,35,
103,36,
103,37,
103,38,
103,39,
103,40,
103,41,
103,42,
103,43,
103,44,
103,45,
103,46,
103,47,
103,48,0.238
103,49,
103,50,
103,51,
103,52,
103,53,
103,54,0.276
103,55,0.256
103,56,0.174
103,57,0.247
103,58,0.258
103,59,0.234
103,60,0.247
103,61,0.193
103,62,0.216
103,63,0.237
103,64,0.216
103,65,0.235
103,66,0.221
103,67,0.246
103,68,0.254
103,69,0.228
103,70,0.24
104,1,
104,2,
104,3,
104,4,
104,5,
104,6,
104,7,
104,8,
104,9,
104,10,
104,11,
104,12,
104,13,
104,14,
104,15,
104,16,
104,17,
104,18,
104,19,
104,20,
104,21,
104,22,
104,23,
104,24,
104,25,
104,26,
104,27,
104,28,
104,29,
104,30,
104,31,
104,32,
104,33,
104,34,
104,35,
104,36,
104,37,
104,38,
104,39,
104,40,
104,41,
104,42,
104,43,
104,44,0.0543
104,45,0.0539
104,46,0.0537
104,47,0.071
104,48,0.113
104,49,0.0924
104,50,0.0738
104,51,0.0644
104,52,0.0409
104,53,0.0508
104,54,0.0485
104,55,0.0613
104,56,0.0712
104,57,0.082
104,58,0.0692
104,59,0.0704
104,60,0.0717
104,61,0.0765
104,62,0.101
104,63,0.0973
104,64,0.0979
104,65,0.0938
104,66,0.0942
104,67,0.0944
104,68,0.0856
104,69,0.0767
104,70,0.0687
105,1,
105,2,
105,3,
105,4,
105,5,
105,6,
105,7,
105,8,
105,9,
105,10,
105,11,
105,12,
105,13,
105,14,
105,15,
105,16,
105,17,
105,18,
105,19,
105,20,
105,21,
105,22,
105,23,
105,24,
105,25,
105,26,
105,27,
105,28,
105,29,
105,30,
105,31,
105,32,
105,33,
105,34,
105,35,
105,36,
105,37,
105,38,
105,39,
105,40,
105,41,
105,42,
105,43,
105,44,
105,45,
105,46,
105,47,
105,48,
105,49,
105,50,
105,51,
105,52,
105,53,
105,54,
105,55,0.152
105,56,0.181
105,57,0.197
105,58,0.188
105,59,0.171
105,60,0.145
105,61,0.112
105,62,0.154
105,63,0.178
105,64,0.149
105,65,0.131
105,66,0.122
105,67,0.0982
105,68,0.107
105,69,0.112
105,70,0.118
106,1,
106,2,
106,3,
106,4,
106,5,
106,6,
106,7,
106,8,
106,9,
106,10,
106,11,
106,12,
106,13,
106,14,
106,15,
106,16,
106,17,
106,18,
106,19,
106,20,
106,21,
106,22,
106,23,
106,24,
106,25,
106,26,
106,27,
106,28,
106,29,
106,30,
106,31,
106,32,
106,33,
106,34,
106,35,
106,36,
106,37,
106,38,
106,39,
106,40,
106,41,
106,42,
106,43,
106,44,
106,45,
106,46,
106,47,
106,48,
106,49,
106,50,
106,51,
106,52,
106,53,0.0691
106,54,
106,55,
106,56,
106,57,
106,58,
106,59,
106,60,
106,61,
106,62,
106,63,
106,64,
106,65,
106,66,
106,67,
106,68,
106,69,0.266
106,70,
107,1,
107,2,
107,3,
107,4,
107,5,
107,6,
107,7,
107,8,
107,9,
107,10,
107,11,
107,12,
107,13,
107,14,
107,15,
107,16,
107,17,
107,18,
107,19,
107,20,
107,21,
107,22,
107,23,
107,24,
107,25,
107,26,
107,27,
107,28,
107,29,
107,30,
107,31,
107,32,
107,33,
107,34,
107,35,
107,36,
107,37,
107,38,
107,39,
107,40,
107,41,
107,42,
107,43,
107,44,
107,45,
107,46,
107,47,
107,48,
107,49,
107,50,
107,51,
107,52,
107,53,
107,54,
107,55,
107,56,
107,57,
107,58,
107,59,
107,60,
107,61,0.0984
107,62,0.101
107,63,0.148
107,64,0.105
107,65,0.0828
107,66,0.109
107,67,0.123
107,68,0.131
107,69,0.208
107,70,0.179
108,1,
108,2,
108,3,
108,4,
108,5,
108,6,
108,7,
108,8,
108,9,
108,10,
108,11,
108,12,
108,13,
108,14,
108,15,
108,16,
108,17,
108,18,
108,19,
108,20,
108,21,
108,22,
108,23,
108,24,
108,25,
108,26,
108,27,
108,28,
108,29,
108,30,
108,31,
108,32,
108,33,
108,34,
108,35,
108,36,
108,37,
108,38,
108,39,
108,40,
108,41,
108,42,
108,43,
108,44,
108,45,
108,46,
108,47,
108,48,
108,49,
108,50,
108,51,
108,52,
108,53,
108,54,
108,55,
108,56,
108,57,
108,58,
108,59,
108,60,
108,61,
108,62,
108,63,
108,64,0.366
108,65,0.422
108,66,0.405
108,67,0.358
108,68,0.376
108,69,0.359
108,70,0.317
109,1,
109,2,
109,3,
109,4,
109,5,
109,6,
109,7,
109,8,
109,9,
109,10,
109,11,
109,12,
109,13,
109,14,
109,15,
109,16,
109,17,
109,18,
109,19,
109,20,
109,21,
109,22,
109,23,
109,24,
109,25,
109,26,
109,27,
109,28,
109,29,
109,30,
109,31,
109,32,
109,33,
109,34,
109,35,
109,36,
109,37,
109,38,
109,39,
109,40,
109,41,
109,42,
109,43,
109,44,
109,45,
109,46,
109,47,
109,48,
109,49,
109,50,
109,51,0.35
109,52,0.205
109,53,
109,54,0.189
109,55,0.176
109,56,0.17
109,57,0.154
109,58,0.157
109,59,0.166
109,60,
109,61,0.183
109,62,
109,63,
109,64,0.179
109,65,0.186
109,66,0.191
109,67,
109,68,
109,69,
109,70,
110,1,
110,2,
110,3,
110,4,
110,5,
110,6,
110,7,
110,8,
110,9,
110,10,
110,11,
110,12,
110,13,
110,14,
110,15,
110,16,
110,17,
110,18,
110,19,
110,20,
110,21,
110,22,
110,23,
110,24,
110,25,
110,26,
110,27,
110,28,
110,29,
110,30,
110,31,
110,32,
110,33,
110,34,
110,35,
110,36,
110,37,
110,38,
110,39,
110,40,
110,41,
110,42,
110,43,
110,44,
110,45,
110,46,
110,47,
110,48,
110,49,
110,50,
110,51,
110,52,
110,53,
110,54,
110,55,
110,56,
110,57,
110,58,
110,59,
110,60,
110,61,
110,62,
110,63,
110,64,
110,65,
110,66,
110,67,
110,68,0.0741
110,69,
110,70,
111,1,
111,2,
111,3,
111,4,
111,5,
111,6,
111,7,
111,8,
111,9,
111,10,
111,11,
111,12,
111,13,
111,14,
111,15,
111,16,
111,17,
111,18,
111,19,
111,20,
111,21,
111,22,
111,23,
111,24,
111,25,
111,26,
111,27,
111,28,
111,29,
111,30,
111,31,
111,32,
111,33,
111,34,
111,35,
111,36,
111,37,
111,38,
111,39,
111,40,
111,41,
111,42,
111,43,
111,44,
111,45,
111,46,
111,47,
111,48,
111,49,
111,50,
111,51,
111,52,
111,53,
111,54,
111,55,
111,56,
111,57,
111,58,
111,59,
111,60,
111,61,
111,62,
111,63,
111,64,
111,65,
111,66,
111,67,
111,68,0.0159
111,69,
111,70,0.0399
112,1,
112,2,
112,3,
112,4,
112,5,
112,6,
112,7,
112,8,
112,9,
112,10,
112,11,
112,12,
112,13,
112,14,
112,15,
112,16,
112,17,
112,18,
112,19,
112,20,
112,21,
112,22,
112,23,
112,24,
112,25,
112,26,
112,27,
112,28,
112,29,
112,30,
112,31,
112,32,
112,33,
112,34,
112,35,
112,36,
112,37,
112,38,
112,39,
112,40,
112,41,
112,42,
112,43,
112,44,
112,45,
112,46,
112,47,
112,48,
112,49,
112,50,
112,51,
112,52,
112,53,
112,54,
112,55,
112,56,
112,57,0.417
112,58,
112,59,
112,60,
112,61,
112,62,
112,63,
112,64,
112,65,0.344
112,66,0.414
112,67,0.39
112,68,
112,69,0.449
112,70,
113,1,
113,2,
113,3,
113,4,
113,5,
113,6,
113,7,
113,8,
113,9,
113,10,
113,11,
113,12,
113,13,
113,14,
113,15,
113,16,
113,17,
113,18,
113,19,
113,20,
113,21,
113,22,
113,23,
113,24,
113,25,
113,26,
113,27,
113,28,
113,29,
113,30,
113,31,
113,32,
113,33,
113,34,
113,35,
113,36,
113,37,
113,38,
113,39,
113,40,
113,41,
113,42,
113,43,
113,44,
113,45,
113,46,
113,47,
113,48,
113,49,
113,50,
113,51,
113,52,
113,53,
113,54,
113,55,0.38
113,56,
113,57,
113,58,
113,59,
113,60,
113,61,
113,62,
113,63,
113,64,
113,65,
113,66,
113,67,
113,68,
113,69,
113,70,
114,1,
114,2,
114,3,
114,4,
114,5,
114,6,
114,7,
114,8,
114,9,
114,10,
114,11,
114,12,
114,13,
114,14,
114,15,
114,16,
114,17,
114,18,
114,19,
114,20,
114,21,
114,22,
114,23,
114,24,
114,25,
114,26,
114,27,
114,28,
114,29,
114,30,
114,31,
114,32,
114,33,
114,34,
114,35,
114,36,
114,37,
114,38,
114,39,
114,40,
114,41,
114,42,
114,43,
114,44,
114,45,
114,46,
114,47,
114,48,
114,49,
114,50,
114,51,
114,52,
114,53,
114,54,
114,55,
114,56,
114,57,
114,58,
114,59,
114,60,
114,61,0.0219
114,62,
114,63,
114,64,
114,65,
114,66,
114,67,
114,68,
114,69,
114,70,
115,1,
115,2,
115,3,
115,4,
115,5,
115,6,
115,7,
115,8,
115,9,
115,10,
115,11,
115,12,
115,13,
115,14,
115,15,
115,16,
115,17,
115,18,
115,19,
115,20,
115,21,
115,22,
115,23,
115,24,
115,25,
115,26,
115,27,
115,28,
115,29,
115,30,
115,31,
115,32,
115,33,
115,34,
115,35,
115,36,0.21
115,37,
115,38,0.176
115,39,
115,40,0.168
115,41,0.142
115,42,0.131
115,43,0.111
115,44,0.111
115,45,0.0813
115,46,0.104
115,47,0.113
115,48,0.121
115,49,0.114
115,50,0.0975
115,51,0.0876
115,52,0.0738
115,53,0.0526
115,54,0.0437
115,55,0.0458
115,56,0.0658
115,57,0.08
115,58,0.0821
115,59,0.0655
115,60,0.0593
115,61,0.0528
115,62,0.0662
115,63,0.0871
115,64,0.1
115,65,0.117
115,66,0.132
115,67,0.127
115,68,0.113
115,69,0.108
115,70,0.0886
116,1,
116,2,
116,3,
116,4,
116,5,
116,6,
116,7,
116,8,
116,9,
116,10,
116,11,
116,12,
116,13,
116,14,
116,15,
116,16,
116,17,
116,18,
116,19,
116,20,
116,21,
116,22,
116,23,
116,24,
116,25,
116,26,
116,27,
116,28,
116,29,
116,30,
116,31,
116,32,
116,33,
116,34,
116,35,
116,36,
116,37,
116,38,
116,39,0.0805
116,40,0.0823
116,41,0.111
116,42,0.139
116,43,0.145
116,44,0.193
116,45,0.192
116,46,0.179
116,47,0.155
116,48,0.123
116,49,0.123
116,50,0.136
116,51,0.15
116,52,0.142
116,53,0.135
116,54,0.121
116,55,0.117
116,56,0.105
116,57,0.0966
116,58,0.0975
116,59,0.0994
116,60,0.101
116,61,0.114
116,62,0.168
116,63,0.174
116,64,0.175
116,65,0.18
116,66,0.163
116,67,0.15
116,68,0.137
116,69,0.132
116,70,0.127
117,1,
117,2,
117,3,
117,4,
117,5,
117,6,
117,7,
117,8,
117,9,
117,10,
117,11,
117,12,
117,13,
117,14,
117,15,
117,16,
117,17,
117,18,
117,19,
117,20,
117,21,
117,22,
117,23,
117,24,
117,25,
117,26,
117,27,
117,28,
117,29,
117,30,
117,31,
117,32,
117,33,
117,34,
117,35,
117,36,
117,37,
117,38,
117,39,
117,40,
117,41,
117,42,
117,43,
117,44,
117,45,
117,46,
117,47,
117,48,
117,49,
117,50,
117,51,
117,52,
117,53,
117,54,
117,55,
117,56,
117,57,
117,58,
117,59,0.086
117,60,
117,61,
117,62,
117,63,
117,64,
117,65,0.0794
117,66,
117,67,
117,68,
117,69,
117,70,
119,1,
119,2,
119,3,
119,4,
119,5,
119,6,
119,7,
119,8,
119,9,
119,10,
119,11,
119,12,
119,13,
119,14,
119,15,
119,16,
119,17,
119,18,
119,19,
119,20,
119,21,
119,22,
119,23,
119,24,
119,25,
119,26,
119,27,
119,28,
119,29,
119,30,
119,31,
119,32,
119,33,
119,34,
119,35,
119,36,
119,37,
119,38,
119,39,0.153
119,40,
119,41,
119,42,
119,43,
119,44,
119,45,
119,46,
119,47,
119,48,
119,49,
119,50,
119,51,
119,52,
119,53,
119,54,
119,55,
119,56,
119,57,
119,58,
119,59,
119,60,
119,61,
119,62,
119,63,
119,64,
119,65,
119,66,
119,67,
119,68,
119,69,
119,70,
120,1,
120,2,
120,3,
120,4,
120,5,
120,6,
120,7,
120,8,
120,9,
120,10,
120,11,
120,12,
120,13,
120,14,
120,15,
120,16,
120,17,
120,18,
120,19,
120,20,
120,21,
120,22,
120,23,
120,24,
120,25,
120,26,
120,27,
120,28,
120,29,
120,30,
120,31,
120,32,
120,33,
120,34,
120,35,
120,36,
120,37,
120,38,
120,39,
120,40,
120,41,
120,42,
120,43,
120,44,
120,45,
120,46,
120,47,
120,48,
120,49,
120,50,
120,51,
120,52,
120,53,
120,54,
120,55,
120,56,
120,57,
120,58,
120,59,0.597
120,60,0.577
120,61,0.564
120,62,0.551
120,63,0.537
120,64,0.553
120,65,0.539
120,66,0.519
120,67,0.531
120,68,0.473
120,69,0.482
120,70,0.467
121,1,
121,2,
121,3,
121,4,
121,5,
121,6,
121,7,
121,8,
121,9,
121,10,
121,11,
121,12,
121,13,
121,14,
121,15,
121,16,
121,17,
121,18,
121,19,
121,20,
121,21,
121,22,
121,23,
121,24,
121,25,
121,26,
121,27,
121,28,
121,29,
121,30,
121,31,
121,32,
121,33,
121,34,
121,35,
121,36,
121,37,
121,38,
121,39,
121,40,
121,41,
121,42,
121,43,0.118
121,44,0.128
121,45,0.139
121,46,0.139
121,47,0.126
121,48,0.191
121,49,0.153
121,50,0.149
121,51,0.129
121,52,0.123
121,53,0.111
121,54,0.122
121,55,0.13
121,56,0.119
121,57,0.128
121,58,0.115
121,59,0.0875
121,60,0.0741
121,61,0.075
121,62,0.0919
121,63,0.0929
121,64,0.0865
121,65,0.0846
121,66,0.0913
121,67,0.0786
121,68,0.0991
121,69,0.112
121,70,0.104
123,1,
123,2,
123,3,
123,4,
123,5,
123,6,
123,7,
123,8,
123,9,
123,10,
123,11,
123,12,
123,13,
123,14,
123,15,
123,16,
123,17,
123,18,
123,19,
123,20,
123,21,
123,22,
123,23,
123,24,
123,25,
123,26,
123,27,
123,28,
123,29,
123,30,
123,31,
123,32,
123,33,
123,34,
123,35,
123,36,
123,37,
123,38,
123,39,
123,40,
123,41,0.0529
123,42,
123,43,0.0514
123,44,
123,45,
123,46,
123,47,
123,48,0.0895
123,49,
123,50,0.0998
123,51,0.104
123,52,
123,53,0.133
123,54,
123,55,0.134
123,56,
123,57,0.117
123,58,
123,59,0.00937
123,60,0.00817
123,61,0.00984
123,62,0.0107
123,63,0.0128
123,64,0.017
123,65,
123,66,0.059
123,67,0.0399
123,68,0.0661
123,69,
123,70,
124,1,
124,2,
124,3,
124,4,
124,5,
124,6,
124,7,
124,8,
124,9,
124,10,
124,11,
124,12,
124,13,
124,14,
124,15,
124,16,
124,17,
124,18,
124,19,
124,20,
124,21,
124,22,
124,23,
124,24,
124,25,
124,26,
124,27,
124,28,
124,29,
124,30,
124,31,
124,32,
124,33,
124,34,
124,35,
124,36,
124,37,
124,38,
124,39,
124,40,
124,41,
124,42,
124,43,
124,44,
124,45,
124,46,
124,47,
124,48,0.189
124,49,
124,50,
124,51,
124,52,
124,53,0.0962
124,54,
124,55,
124,56,
124,57,
124,58,
124,59,
124,60,
124,61,
124,62,
124,63,
124,64,
124,65,
124,66,
124,67,
124,68,
124,69,
124,70,
125,1,
125,2,
125,3,
125,4,
125,5,
125,6,
125,7,
125,8,
125,9,
125,10,
125,11,
125,12,
125,13,
125,14,
125,15,
125,16,
125,17,
125,18,
125,19,
125,20,
125,21,
125,22,
125,23,
125,24,
125,25,
125,26,
125,27,
125,28,
125,29,
125,30,
125,31,
125,32,
125,33,
125,34,
125,35,
125,36,
125,37,
125,38,
125,39,
125,40,
125,41,
125,42,
125,43,
125,44,
125,45,
125,46,
125,47,
125,48,0.222
125,49,
125,50,
125,51,
125,52,
125,53,0.198
125,54,0.358
125,55,0.429
125,56,0.385
125,57,0.4
125,58,0.365
125,59,0.358
125,60,0.353
125,61,0.409
125,62,0.389
125,63,0.388
125,64,0.357
125,65,0.388
125,66,0.41
125,67,0.436
125,68,0.405
125,69,0.417
125,70,0.433
126,1,
126,2,
126,3,
126,4,
126,5,
126,6,
126,7,
126,8,
126,9,
126,10,
126,11,
126,12,
126,13,
126,14,
126,15,
126,16,
126,17,
126,18,
126,19,
126,20,
126,21,
126,22,
126,23,
126,24,
126,25,
126,26,
126,27,
126,28,
126,29,
126,30,
126,31,
126,32,
126,33,
126,34,
126,35,
126,36,
126,37,
126,38,
126,39,
126,40,
126,41,
126,42,
126,43,
126,44,
126,45,
126,46,
126,47,
126,48,
126,49,
126,50,
126,51,
126,52,
126,53,
126,54,
126,55,
126,56,
126,57,
126,58,
126,59,
126,60,
126,61,
126,62,0.152
126,63,0.0844
126,64,0.0639
126,65,0.0644
126,66,0.0625
126,67,0.0697
126,68,0.0805
126,69,0.0821
126,70,0.108
127,1,
127,2,
127,3,
127,4,
127,5,
127,6,
127,7,
127,8,
127,9,
127,10,
127,11,
127,12,
127,13,
127,14,
127,15,
127,16,
127,17,
127,18,
127,19,
127,20,
127,21,
127,22,
127,23,
127,24,
127,25,
127,26,
127,27,
127,28,
127,29,
127,30,
127,31,
127,32,
127,33,
127,34,
127,35,
127,36,
127,37,
127,38,
127,39,
127,40,
127,41,
127,42,
127,43,
127,44,
127,45,
127,46,
127,47,
127,48,
127,49,
127,50,
127,51,
127,52,
127,53,
127,54,
127,55,
127,56,
127,57,
127,58,
127,59,
127,60,
127,61,
127,62,
127,63,0.0361
127,64,
127,65,
127,66,
127,67,
127,68,
127,69,
127,70,
128,1,
128,2,
128,3,
128,4,
128,5,
128,6,
128,7,
128,8,
128,9,
128,10,
128,11,
128,12,
128,13,
128,14,
128,15,
128,16,
128,17,
128,18,
128,19,
128,20,
128,21,
128,22,
128,23,
128,24,
128,25,
128,26,
128,27,
128,28,
128,29,
128,30,
128,31,
128,32,
128,33,
128,34,
128,35,
128,36,
128,37,
128,38,
128,39,
128,40,
128,41,
128,42,
128,43,
128,44,
128,45,
128,46,0.117
128,47,0.0822
128,48,
128,49,
128,50,
128,51,
128,52,
128,53,
128,54,
128,55,0.167
128,56,0.135
128,57,0.12
128,58,0.106
128,59,0.112
128,60,0.106
128,61,0.098
128,62,0.12
128,63,0.11
128,64,0.118
128,65,0.101
128,66,0.0966
128,67,0.112
128,68,0.111
128,69,0.115
128,70,0.108
129,1,
129,2,
129,3,
129,4,
129,5,
129,6,
129,7,
129,8,
129,9,
129,10,
129,11,
129,12,
129,13,
129,14,
129,15,
129,16,
129,17,
129,18,
129,19,
129,20,
129,21,
129,22,
129,23,
129,24,
129,25,
129,26,
129,27,
129,28,
129,29,
129,30,
129,31,
129,32,
129,33,
129,34,
129,35,
129,36,
129,37,
129,38,
129,39,
129,40,
129,41,
129,42,
129,43,
129,44,
129,45,
129,46,
129,47,
129,48,
129,49,
129,50,
129,51,
129,52,
129,53,
129,54,
129,55,0.0913
129,56,0.0892
129,57,0.0907
129,58,0.0926
129,59,0.0821
129,60,0.0877
129,61,0.0841
129,62,0.0767
129,63,0.0746
129,64,0.0768
129,65,0.0735
129,66,0.0676
129,67,0.0771
129,68,0.0688
129,69,0.0879
129,70,0.0865
130,1,
130,2,
130,3,
130,4,
130,5,
130,6,
130,7,
130,8,
130,9,
130,10,
130,11,
130,12,
130,13,
130,14,
130,15,
130,16,
130,17,
130,18,
130,19,
130,20,
130,21,
130,22,
130,23,
130,24,
130,25,
130,26,
130,27,
130,28,
130,29,
130,30,
130,31,
130,32,
130,33,
130,34,
130,35,
130,36,
130,37,
130,38,0.121
130,39,
130,40,0.159
130,41,0.15
130,42,0.17
130,43,0.154
130,44,0.176
130,45,0.172
130,46,0.173
130,47,0.17
130,48,0.161
130,49,0.145
130,50,0.157
130,51,0.189
130,52,0.213
130,53,0.253
130,54,0.0974
130,55,0.254
130,56,0.0925
130,57,0.0938
130,58,0.0955
130,59,0.102
130,60,0.0894
130,61,0.101
130,62,0.104
130,63,0.0994
130,64,0.0963
130,65,0.0947
130,66,0.0923
130,67,0.0948
130,68,
130,69,0.0767
130,70,0.0746
131,1,
131,2,
131,3,
131,4,
131,5,
131,6,
131,7,
131,8,
131,9,
131,10,
131,11,
131,12,
131,13,
131,14,
131,15,
131,16,
131,17,
131,18,
131,19,
131,20,
131,21,
131,22,
131,23,
131,24,
131,25,
131,26,
131,27,
131,28,
131,29,
131,30,
131,31,
131,32,
131,33,
131,34,
131,35,
131,36,
131,37,
131,38,
131,39,
131,40,
131,41,
131,42,
131,43,
131,44,
131,45,0.278
131,46,0.3
131,47,0.326
131,48,0.312
131,49,0.285
131,50,0.228
131,51,0.213
131,52,0.296
131,53,0.357
131,54,0.392
131,55,0.416
131,56,0.414
131,57,0.401
131,58,0.369
131,59,0.298
131,60,0.217
131,61,0.173
131,62,0.206
131,63,0.237
131,64,0.258
131,65,0.265
131,66,0.273
131,67,0.239
131,68,0.208
131,69,0.177
131,70,0.148
132,1,
132,2,
132,3,
132,4,
132,5,
132,6,
132,7,
132,8,
132,9,
132,10,
132,11,
132,12,
132,13,
132,14,
132,15,
132,16,
132,17,
132,18,
132,19,
132,20,
132,21,
132,22,
132,23,
132,24,
132,25,
132,26,
132,27,
132,28,
132,29,
132,30,
132,31,
132,32,
132,33,
132,34,
132,35,
132,36,
132,37,
132,38,
132,39,0.203
132,40,0.175
132,41,0.143
132,42,0.117
132,43,0.104
132,44,0.087
132,45,0.0967
132,46,0.121
132,47,0.145
132,48,0.16
132,49,0.17
132,50,0.141
132,51,0.095
132,52,0.0918
132,53,0.0825
132,54,0.0896
132,55,0.105
132,56,0.135
132,57,0.141
132,58,0.162
132,59,0.165
132,60,0.167
132,61,0.167
132,62,0.203
132,63,0.228
132,64,0.303
132,65,0.379
132,66,0.381
132,67,0.348
132,68,0.32
132,69,0.28
132,70,0.239
133,1,
133,2,
133,3,
133,4,
133,5,
133,6,
133,7,
133,8,
133,9,
133,10,
133,11,
133,12,
133,13,
133,14,
133,15,
133,16,
133,17,
133,18,
133,19,
133,20,
133,21,
133,22,
133,23,
133,24,
133,25,
133,26,
133,27,
133,28,
133,29,
133,30,
133,31,
133,32,
133,33,
133,34,
133,35,
133,36,
133,37,
133,38,
133,39,
133,40,
133,41,
133,42,
133,43,
133,44,
133,45,
133,46,
133,47,
133,48,
133,49,
133,50,
133,51,
133,52,
133,53,
133,54,
133,55,
133,56,
133,57,
133,58,
133,59,
133,60,0.0162
133,61,0.0103
133,62,0.012
133,63,
133,64,0.0132
133,65,0.0163
133,66,0.0113
133,67,0.0078
133,68,0.006
133,69,0.0048
133,70,0.0051
134,1,
134,2,
134,3,
134,4,
134,5,
134,6,
134,7,
134,8,
134,9,
134,10,
134,11,
134,12,
134,13,
134,14,
134,15,
134,16,
134,17,
134,18,
134,19,
134,20,
134,21,
134,22,
134,23,
134,24,
134,25,
134,26,
134,27,
134,28,
134,29,
134,30,
134,31,
134,32,
134,33,
134,34,
134,35,
134,36,
134,37,
134,38,
134,39,
134,40,
134,41,
134,42,
134,43,
134,44,
134,45,
134,46,
134,47,
134,48,
134,49,
134,50,0.174
134,51,0.168
134,52,0.173
134,53,0.178
134,54,0.176
134,55,0.222
134,56,0.195
134,57,0.223
134,58,0.202
134,59,0.214
134,60,0.201
134,61,0.186
134,62,0.208
134,63,0.221
134,64,0.239
134,65,0.226
134,66,0.237
134,67,0.24
134,68,0.217
134,69,0.206
134,70,0.183
135,1,
135,2,
135,3,
135,4,
135,5,
135,6,
135,7,
135,8,
135,9,
135,10,
135,11,
135,12,
135,13,
135,14,
135,15,
135,16,
135,17,
135,18,
135,19,
135,20,
135,21,
135,22,
135,23,
135,24,
135,25,
135,26,
135,27,
135,28,
135,29,
135,30,
135,31,
135,32,
135,33,
135,34,
135,35,
135,36,
135,37,
135,38,
135,39,
135,40,
135,41,
135,42,
135,43,
135,44,
135,45,0.13
135,46,0.137
135,47,0.163
135,48,0.188
135,49,0.193
135,50,0.235
135,51,0.271
135,52,0.24
135,53,0.207
135,54,0.18
135,55,0.156
135,56,0.176
135,57,0.172
135,58,0.155
135,59,0.164
135,60,0.144
135,61,0.14
135,62,0.185
135,63,0.171
135,64,0.155
135,65,0.149
135,66,0.139
135,67,0.138
135,68,0.161
135,69,0.165
135,70,0.163
136,1,
136,2,
136,3,
136,4,
136,5,
136,6,
136,7,
136,8,
136,9,
136,10,
136,11,
136,12,
136,13,
136,14,
136,15,
136,16,
136,17,
136,18,
136,19,
136,20,
136,21,
136,22,
136,23,
136,24,
136,25,
136,26,
136,27,
136,28,
136,29,
136,30,
136,31,
136,32,
136,33,
136,34,
136,35,
136,36,
136,37,
136,38,
136,39,
136,40,
136,41,
136,42,
136,43,
136,44,
136,45,
136,46,
136,47,
136,48,
136,49,0.0074
136,50,
136,51,
136,52,
136,53,
136,54,
136,55,
136,56,
136,57,
136,58,
136,59,
136,60,
136,61,
136,62,
136,63,
136,64,
136,65,
136,66,
136,67,
136,68,
136,69,
136,70,0.226
137,1,
137,2,
137,3,
137,4,
137,5,
137,6,
137,7,
137,8,
137,9,
137,10,
137,11,
137,12,
137,13,
137,14,
137,15,
137,16,
137,17,
137,18,
137,19,
137,20,
137,21,
137,22,
137,23,
137,24,
137,25,
137,26,
137,27,
137,28,
137,29,
137,30,
137,31,
137,32,
137,33,
137,34,
137,35,
137,36,
137,37,
137,38,
137,39,
137,40,
137,41,
137,42,
137,43,
137,44,
137,45,
137,46,
137,47,
137,48,
137,49,
137,50,
137,51,
137,52,
137,53,
137,54,
137,55,
137,56,
137,57,
137,58,
137,59,
137,60,
137,61,
137,62,
137,63,
137,64,
137,65,0.191
137,66,
137,67,0.191
137,68,
137,69,
137,70,
138,1,
138,2,
138,3,
138,4,
138,5,
138,6,
138,7,
138,8,
138,9,
138,10,
138,11,
138,12,
138,13,
138,14,
138,15,
138,16,
138,17,
138,18,
138,19,
138,20,
138,21,
138,22,
138,23,
138,24,
138,25,
138,26,
138,27,
138,28,
138,29,
138,30,
138,31,
138,32,
138,33,
138,34,
138,35,
138,36,
138,37,
138,38,
138,39,
138,40,
138,41,
138,42,
138,43,
138,44,
138,45,
138,46,
138,47,
138,48,
138,49,
138,50,
138,51,
138,52,
138,53,
138,54,
138,55,
138,56,
138,57,
138,58,
138,59,
138,60,
138,61,
138,62,0.158
138,63,0.173
138,64,
138,65,
138,66,
138,67,
138,68,0.281
138,69,0.274
138,70,
140,1,
140,2,
140,3,
140,4,
140,5,
140,6,
140,7,
140,8,
140,9,
140,10,
140,11,
140,12,
140,13,
140,14,
140,15,
140,16,
140,17,
140,18,
140,19,
140,20,
140,21,
140,22,
140,23,
140,24,
140,25,
140,26,
140,27,
140,28,
140,29,
140,30,
140,31,
140,32,
140,33,
140,34,
140,35,
140,36,
140,37,
140,38,
140,39,
140,40,
140,41,
140,42,
140,43,
140,44,
140,45,
140,46,
140,47,
140,48,
140,49,
140,50,
140,51,
140,52,0.224
140,53,0.251
140,54,0.259
140,55,0.281
140,56,
140,57,
140,58,
140,59,0.34
140,60,0.299
140,61,0.293
140,62,0.299
140,63,
140,64,0.299
140,65,0.287
140,66,0.294
140,67,0.302
140,68,0.285
140,69,0.242
140,70,
141,1,
141,2,
141,3,
141,4,
141,5,
141,6,
141,7,
141,8,
141,9,
141,10,
141,11,
141,12,
141,13,
141,14,
141,15,
141,16,
141,17,
141,18,
141,19,
141,20,
141,21,
141,22,
141,23,
141,24,
141,25,
141,26,
141,27,
141,28,
141,29,
141,30,
141,31,
141,32,
141,33,
141,34,
141,35,
141,36,
141,37,
141,38,
141,39,
141,40,
141,41,
141,42,
141,43,
141,44,
141,45,
141,46,
141,47,
141,48,
141,49,
141,50,
141,51,
141,52,
141,53,
141,54,
141,55,
141,56,
141,57,
141,58,
141,59,
141,60,
141,61,
141,62,
141,63,
141,64,
141,65,
141,66,
141,67,
141,68,0.0805
141,69,
141,70,
142,1,
142,2,
142,3,
142,4,
142,5,
142,6,
142,7,
142,8,
142,9,
142,10,
142,11,
142,12,
142,13,
142,14,
142,15,
142,16,
142,17,
142,18,
142,19,
142,20,
142,21,
142,22,
142,23,
142,24,
142,25,
142,26,
142,27,
142,28,
142,29,
142,30,
142,31,
142,32,
142,33,
142,34,
142,35,
142,36,
142,37,
142,38,
142,39,
142,40,
142,41,
142,42,
142,43,
142,44,
142,45,
142,46,
142,47,
142,48,
142,49,
142,50,
142,51,
142,52,
142,53,
142,54,
142,55,
142,56,
142,57,
142,58,0.477
142,59,0.479
142,60,0.437
142,61,0.353
142,62,0.416
142,63,0.463
142,64,0.509
142,65,0.511
142,66,0.494
142,67,0.475
142,68,0.433
142,69,0.349
142,70,0.319
143,1,
143,2,
143,3,
143,4,
143,5,
143,6,
143,7,
143,8,
143,9,
143,10,
143,11,
143,12,
143,13,
143,14,
143,15,
143,16,
143,17,
143,18,
143,19,
143,20,
143,21,
143,22,
143,23,
143,24,
143,25,
143,26,
143,27,
143,28,
143,29,
143,30,
143,31,
143,32,
143,33,
143,34,
143,35,
143,36,
143,37,
143,38,
143,39,
143,40,
143,41,
143,42,
143,43,
143,44,
143,45,
143,46,
143,47,
143,48,
143,49,
143,50,
143,51,
143,52,
143,53,
143,54,
143,55,
143,56,
143,57,
143,58,
143,59,
143,60,
143,61,
143,62,
143,63,
143,64,0.11
143,65,
143,66,
143,67,0.131
143,68,0.136
143,69,0.115
143,70,0.109
144,1,
144,2,
144,3,
144,4,
144,5,
144,6,
144,7,
144,8,
144,9,
144,10,
144,11,
144,12,
144,13,
144,14,
144,15,
144,16,
144,17,
144,18,
144,19,
144,20,
144,21,
144,22,
144,23,
144,24,
144,25,
144,26,
144,27,
144,28,
144,29,
144,30,
144,31,
144,32,
144,33,
144,34,
144,35,
144,36,
144,37,
144,38,
144,39,
144,40,
144,41,
144,42,
144,43,
144,44,
144,45,
144,46,
144,47,
144,48,
144,49,
144,50,
144,51,
144,52,
144,53,
144,54,
144,55,
144,56,
144,57,
144,58,
144,59,
144,60,
144,61,
144,62,
144,63,
144,64,
144,65,
144,66,
144,67,0.0945
144,68,
144,69,
144,70,
145,1,
145,2,
145,3,
145,4,
145,5,
145,6,
145,7,
145,8,
145,9,
145,10,
145,11,
145,12,
145,13,
145,14,
145,15,
145,16,
145,17,
145,18,
145,19,
145,20,
145,21,
145,22,
145,23,
145,24,
145,25,
145,26,
145,27,
145,28,
145,29,
145,30,
145,31,0.0598
145,32,0.058
145,33,0.0481
145,34,
145,35,0.0449
145,36,0.0526
145,37,0.046
145,38,0.0743
145,39,0.0995
145,40,0.0786
145,41,0.0601
145,42,0.0429
145,43,
145,44,0.0382
145,45,0.0662
145,46,0.07
145,47,0.0727
145,48,0.0698
145,49,0.0865
145,50,0.0544
145,51,0.0825
145,52,0.0959
145,53,
145,54,0.0773
145,55,0.113
145,56,0.102
145,57,0.108
145,58,
145,59,0.0888
145,60,0.088
145,61,0.0916
145,62,0.129
145,63,0.0986
145,64,0.0922
145,65,0.0887
145,66,0.0934
145,67,0.0879
145,68,0.0935
145,69,0.0913
145,70,
146,1,
146,2,
146,3,
146,4,
146,5,
146,6,
146,7,
146,8,
146,9,
146,10,
146,11,
146,12,
146,13,
146,14,
146,15,
146,16,
146,17,
146,18,
146,19,
146,20,
146,21,
146,22,
146,23,
146,24,
146,25,
146,26,
146,27,
146,28,
146,29,
146,30,
146,31,
146,32,
146,33,
146,34,
146,35,
146,36,
146,37,
146,38,
146,39,
146,40,
146,41,
146,42,
146,43,
146,44,
146,45,
146,46,
146,47,0.273
146,48,0.248
146,49,0.21
146,50,0.226
146,51,0.232
146,52,0.32
146,53,0.369
146,54,0.389
146,55,0.377
146,56,0.329
146,57,0.328
146,58,0.301
146,59,0.266
146,60,0.203
146,61,0.19
146,62,0.273
146,63,0.336
146,64,0.334
146,65,0.34
146,66,0.337
146,67,0.297
146,68,0.265
146,69,0.222
146,70,0.189
147,1,
147,2,
147,3,
147,4,
147,5,
147,6,
147,7,
147,8,
147,9,
147,10,
147,11,
147,12,
147,13,
147,14,
147,15,
147,16,
147,17,
147,18,
147,19,
147,20,
147,21,
147,22,
147,23,
147,24,
147,25,
147,26,
147,27,
147,28,
147,29,
147,30,
147,31,
147,32,
147,33,
147,34,
147,35,
147,36,
147,37,
147,38,
147,39,
147,40,
147,41,
147,42,
147,43,
147,44,
147,45,
147,46,
147,47,
147,48,
147,49,0.166
147,50,0.163
147,51,0.176
147,52,0.185
147,53,0.164
147,54,0.157
147,55,0.148
147,56,0.153
147,57,0.14
147,58,0.159
147,59,0.139
147,60,0.101
147,61,0.104
147,62,0.136
147,63,0.147
147,64,0.157
147,65,0.206
147,66,0.216
147,67,0.202
147,68,0.163
147,69,0.152
147,70,0.112
149,1,
149,2,
149,3,
149,4,
149,5,
149,6,
149,7,
149,8,
149,9,
149,10,
149,11,
149,12,
149,13,
149,14,
149,15,
149,16,
149,17,
149,18,
149,19,
149,20,
149,21,
149,22,
149,23,
149,24,
149,25,
149,26,
149,27,
149,28,
149,29,
149,30,
149,31,
149,32,
149,33,
149,34,
149,35,
149,36,
149,37,
149,38,
149,39,
149,40,
149,41,
149,42,
149,43,
149,44,
149,45,
149,46,
149,47,
149,48,
149,49,
149,50,
149,51,
149,52,
149,53,0.539
149,54,0.563
149,55,0.601
149,56,0.614
149,57,0.568
149,58,0.564
149,59,0.549
149,60,0.527
149,61,0.456
149,62,0.484
149,63,0.512
149,64,0.503
149,65,0.517
149,66,0.514
149,67,0.513
149,68,0.501
149,69,0.534
149,70,0.535
150,1,
150,2,
150,3,
150,4,
150,5,
150,6,
150,7,
150,8,
150,9,
150,10,
150,11,
150,12,
150,13,
150,14,
150,15,
150,16,
150,17,
150,18,
150,19,
150,20,
150,21,
150,22,
150,23,
150,24,
150,25,
150,26,
150,27,
150,28,
150,29,
150,30,
150,31,
150,32,
150,33,0.115
150,34,0.102
150,35,0.101
150,36,0.0917
150,37,0.0885
150,38,0.1
150,39,0.0899
150,40,0.0767
150,41,0.072
150,42,0.0678
150,43,0.0698
150,44,0.073
150,45,0.0764
150,46,0.0895
150,47,0.0724
150,48,0.0627
150,49,0.061
150,50,0.0758
150,51,0.159
150,52,0.14
150,53,0.108
150,54,0.103
150,55,0.0855
150,56,0.101
150,57,0.105
150,58,0.102
150,59,0.0999
150,60,0.0881
150,61,0.093
150,62,0.0985
150,63,0.0982
150,64,0.0964
150,65,0.09
150,66,0.0935
150,67,0.1
150,68,0.105
150,69,0.107
150,70,0.104
151,1,
151,2,
151,3,
151,4,
151,5,
151,6,
151,7,
151,8,
151,9,
151,10,
151,11,
151,12,
151,13,
151,14,
151,15,
151,16,
151,17,
151,18,
151,19,
151,20,
151,21,
151,22,
151,23,
151,24,
151,25,
151,26,
151,27,
151,28,
151,29,
151,30,
151,31,
151,32,
151,33,
151,34,
151,35,
151,36,
151,37,
151,38,
151,39,
151,40,
151,41,
151,42,
151,43,
151,44,
151,45,
151,46,
151,47,
151,48,
151,49,
151,50,
151,51,
151,52,
151,53,
151,54,
151,55,
151,56,
151,57,
151,58,
151,59,
151,60,
151,61,0.185
151,62,
151,63,
151,64,
151,65,
151,66,
151,67,
151,68,
151,69,
151,70,
152,1,
152,2,
152,3,
152,4,
152,5,
152,6,
152,7,
152,8,
152,9,
152,10,
152,11,
152,12,
152,13,
152,14,
152,15,
152,16,
152,17,
152,18,
152,19,
152,20,
152,21,
152,22,
152,23,
152,24,
152,25,
152,26,
152,27,
152,28,
152,29,
152,30,
152,31,
152,32,
152,33,
152,34,
152,35,
152,36,
152,37,
152,38,
152,39,0.465
152,40,0.435
152,41,0.411
152,42,0.343
152,43,0.318
152,44,0.305
152,45,0.331
152,46,0.422
152,47,0.449
152,48,0.419
152,49,0.418
152,50,0.391
152,51,0.354
152,52,0.291
152,53,0.253
152,54,0.207
152,55,0.215
152,56,0.223
152,57,0.225
152,58,0.196
152,59,0.179
152,60,0.181
152,61,0.245
152,62,0.377
152,63,0.415
152,64,0.462
152,65,0.529
152,66,0.555
152,67,0.532
152,68,0.483
152,69,0.444
152,70,0.386
153,1,
153,2,
153,3,
153,4,
153,5,
153,6,
153,7,
153,8,
153,9,
153,10,
153,11,
153,12,
153,13,
153,14,
153,15,
153,16,
153,17,
153,18,
153,19,
153,20,
153,21,
153,22,
153,23,
153,24,
153,25,
153,26,
153,27,
153,28,
153,29,
153,30,
153,31,
153,32,
153,33,
153,34,
153,35,
153,36,
153,37,
153,38,
153,39,
153,40,
153,41,
153,42,
153,43,
153,44,
153,45,
153,46,
153,47,
153,48,
153,49,
153,50,
153,51,
153,52,
153,53,
153,54,
153,55,
153,56,
153,57,
153,58,
153,59,
153,60,
153,61,
153,62,0.213
153,63,0.194
153,64,0.172
153,65,0.173
153,66,0.206
153,67,0.219
153,68,
153,69,
153,70,
154,1,
154,2,
154,3,
154,4,
154,5,
154,6,
154,7,
154,8,
154,9,
154,10,
154,11,
154,12,
154,13,
154,14,
154,15,
154,16,
154,17,
154,18,
154,19,
154,20,
154,21,
154,22,
154,23,
154,24,
154,25,
154,26,
154,27,
154,28,
154,29,
154,30,
154,31,
154,32,
154,33,0.184
154,34,
154,35,
154,36,
154,37,
154,38,
154,39,
154,40,
154,41,
154,42,
154,43,
154,44,0.103
154,45,
154,46,
154,47,
154,48,
154,49,
154,50,
154,51,
154,52,
154,53,
154,54,0.11
154,55,
154,56,
154,57,
154,58,
154,59,
154,60,
154,61,
154,62,
154,63,
154,64,
154,65,
154,66,
154,67,
154,68,
154,69,
154,70,
155,1,
155,2,
155,3,
155,4,
155,5,
155,6,
155,7,
155,8,
155,9,
155,10,
155,11,
155,12,
155,13,
155,14,
155,15,
155,16,
155,17,
155,18,
155,19,
155,20,
155,21,
155,22,
155,23,
155,24,
155,25,
155,26,
155,27,
155,28,
155,29,
155,30,
155,31,
155,32,
155,33,
155,34,
155,35,
155,36,
155,37,
155,38,
155,39,
155,40,
155,41,
155,42,
155,43,
155,44,
155,45,
155,46,
155,47,
155,48,0.343
155,49,
155,50,
155,51,
155,52,
155,53,
155,54,
155,55,
155,56,0.394
155,57,0.408
155,58,
155,59,
155,60,
155,61,
155,62,
155,63,
155,64,
155,65,
155,66,
155,67,
155,68,
155,69,
155,70,
156,1,
156,2,
156,3,
156,4,
156,5,
156,6,
156,7,
156,8,
156,9,
156,10,
156,11,
156,12,
156,13,
156,14,
156,15,
156,16,
156,17,
156,18,
156,19,
156,20,
156,21,
156,22,
156,23,
156,24,
156,25,
156,26,
156,27,
156,28,
156,29,
156,30,
156,31,
156,32,
156,33,
156,34,
156,35,
156,36,
156,37,
156,38,
156,39,
156,40,
156,41,
156,42,
156,43,
156,44,0.363
156,45,
156,46,
156,47,
156,48,
156,49,
156,50,
156,51,
156,52,
156,53,
156,54,
156,55,
156,56,
156,57,
156,58,
156,59,
156,60,
156,61,
156,62,
156,63,
156,64,
156,65,
156,66,
156,67,
156,68,
156,69,
156,70,
158,1,
158,2,
158,3,
158,4,
158,5,
158,6,
158,7,
158,8,
158,9,
158,10,
158,11,
158,12,
158,13,
158,14,
158,15,
158,16,
158,17,
158,18,
158,19,
158,20,
158,21,
158,22,
158,23,
158,24,
158,25,
158,26,
158,27,
158,28,
158,29,
158,30,
158,31,
158,32,
158,33,
158,34,
158,35,
158,36,
158,37,
158,38,
158,39,
158,40,
158,41,
158,42,
158,43,
158,44,
158,45,
158,46,
158,47,
158,48,
158,49,
158,50,
158,51,
158,52,
158,53,
158,54,
158,55,
158,56,
158,57,
158,58,
158,59,
158,60,
158,61,
158,62,0.202
158,63,0.137
158,64,0.2
158,65,0.205
158,66,0.209
158,67,0.164
158,68,0.134
158,69,
158,70,
159,1,
159,2,
159,3,
159,4,
159,5,
159,6,
159,7,
159,8,
159,9,
159,10,
159,11,
159,12,
159,13,
159,14,
159,15,
159,16,
159,17,
159,18,
159,19,
159,20,
159,21,
159,22,
159,23,
159,24,
159,25,
159,26,
159,27,
159,28,
159,29,
159,30,
159,31,
159,32,
159,33,
159,34,
159,35,
159,36,
159,37,
159,38,
159,39,
159,40,
159,41,
159,42,
159,43,0.0464
159,44,0.0797
159,45,0.137
159,46,0.227
159,47,0.226
159,48,0.196
159,49,0.215
159,50,0.219
159,51,0.175
159,52,0.163
159,53,0.0948
159,54,0.117
159,55,0.129
159,56,0.143
159,57,0.185
159,58,0.219
159,59,0.215
159,60,0.193
159,61,0.202
159,62,0.25
159,63,0.248
159,64,0.228
159,65,0.236
159,66,0.235
159,67,0.229
159,68,0.204
159,69,0.189
159,70,0.179
160,1,
160,2,
160,3,
160,4,
160,5,
160,6,
160,7,
160,8,
160,9,
160,10,
160,11,
160,12,
160,13,
160,14,
160,15,
160,16,
160,17,
160,18,
160,19,
160,20,
160,21,
160,22,
160,23,
160,24,
160,25,
160,26,
160,27,
160,28,
160,29,
160,30,
160,31,
160,32,
160,33,
160,34,
160,35,
160,36,
160,37,
160,38,
160,39,
160,40,
160,41,
160,42,
160,43,
160,44,0.0319
160,45,0.0453
160,46,0.0638
160,47,0.0598
160,48,0.0545
160,49,0.0494
160,50,0.0645
160,51,0.0607
160,52,0.0616
160,53,0.05
160,54,0.0563
160,55,0.0559
160,56,0.085
160,57,0.0771
160,58,0.0876
160,59,0.077
160,60,0.0713
160,61,0.0702
160,62,0.0848
160,63,0.0822
160,64,0.077
160,65,0.0833
160,66,0.0875
160,67,0.086
160,68,0.0882
160,69,0.0858
160,70,0.0807
161,1,
161,2,
161,3,
161,4,
161,5,
161,6,
161,7,
161,8,
161,9,
161,10,
161,11,
161,12,
161,13,
161,14,
161,15,
161,16,
161,17,
161,18,
161,19,
161,20,
161,21,
161,22,
161,23,
161,24,
161,25,
161,26,
161,27,
161,28,
161,29,
161,30,
161,31,
161,32,
161,33,
161,34,
161,35,
161,36,
161,37,
161,38,
161,39,
161,40,
161,41,
161,42,
161,43,
161,44,
161,45,
161,46,
161,47,
161,48,
161,49,
161,50,
161,51,
161,52,
161,53,
161,54,
161,55,0.263
161,56,0.195
161,57,
161,58,
161,59,
161,60,0.191
161,61,
161,62,0.167
161,63,0.204
161,64,
161,65,
161,66,
161,67,
161,68,
161,69,
161,70,
162,1,
162,2,
162,3,
162,4,
162,5,
162,6,
162,7,
162,8,
162,9,
162,10,
162,11,
162,12,
162,13,
162,14,
162,15,
162,16,
162,17,
162,18,
162,19,
162,20,
162,21,
162,22,
162,23,
162,24,
162,25,
162,26,
162,27,
162,28,
162,29,
162,30,
162,31,
162,32,
162,33,
162,34,
162,35,
162,36,
162,37,
162,38,
162,39,
162,40,
162,41,
162,42,
162,43,
162,44,
162,45,
162,46,
162,47,
162,48,
162,49,
162,50,
162,51,
162,52,
162,53,
162,54,
162,55,
162,56,
162,57,
162,58,
162,59,
162,60,
162,61,
162,62,0.167
162,63,
162,64,
162,65,
162,66,
162,67,
162,68,
162,69,
162,70,
163,1,
163,2,
163,3,
163,4,
163,5,
163,6,
163,7,
163,8,
163,9,
163,10,
163,11,
163,12,
163,13,
163,14,
163,15,
163,16,
163,17,
163,18,
163,19,
163,20,
163,21,
163,22,
163,23,
163,24,
163,25,
163,26,
163,27,
163,28,
163,29,
163,30,
163,31,
163,32,
163,33,
163,34,
163,35,
163,36,
163,37,
163,38,
163,39,
163,40,
163,41,
163,42,
163,43,
163,44,
163,45,
163,46,
163,47,
163,48,
163,49,
163,50,
163,51,
163,52,
163,53,
163,54,0.0547
163,55,
163,56,
163,57,
163,58,
163,59,0.0647
163,60,
163,61,
163,62,
163,63,
163,64,
163,65,
163,66,
163,67,0.0388
163,68,
163,69,
163,70,
164,1,
164,2,
164,3,
164,4,
164,5,
164,6,
164,7,
164,8,
164,9,
164,10,
164,11,
164,12,
164,13,
164,14,
164,15,
164,16,
164,17,
164,18,
164,19,
164,20,
164,21,
164,22,
164,23,
164,24,
164,25,
164,26,
164,27,
164,28,
164,29,0.0294
164,30,
164,31,0.0179
164,32,0.0208
164,33,0.0182
164,34,
164,35,0.0412
164,36,
164,37,0.0891
164,38,
164,39,
164,40,0.0963
164,41,0.0528
164,42,0.0243
164,43,0.0428
164,44,
164,45,
164,46,
164,47,0.0261
164,48,
164,49,0.0246
164,50,0.0217
164,51,0.0744
164,52,0.0774
164,53,0.0656
164,54,0.0758
164,55,
164,56,0.0503
164,57,0.045
164,58,0.0476
164,59,0.0477
164,60,0.0447
164,61,0.0477
164,62,0.056
164,63,0.0253
164,64,0.0288
164,65,0.027
164,66,0.024
164,67,0.0314
164,68,0.031
164,69,0.0371
164,70,
165,1,
165,2,
165,3,
165,4,
165,5,
165,6,
165,7,
165,8,
165,9,
165,10,
165,11,
165,12,
165,13,
165,14,
165,15,
165,16,
165,17,
165,18,
165,19,
165,20,
165,21,
165,22,
165,23,
165,24,
165,25,
165,26,
165,27,
165,28,
165,29,
165,30,
165,31,
165,32,
165,33,
165,34,
165,35,
165,36,
165,37,
165,38,
165,39,
165,40,
165,41,
165,42,
165,43,
165,44,
165,45,
165,46,
165,47,
165,48,
165,49,
165,50,
165,51,
165,52,
165,53,
165,54,
165,55,
165,56,
165,57,
165,58,
165,59,
165,60,
165,61,
165,62,
165,63,0.124
165,64,
165,65,
165,66,0.218
165,67,
165,68,
165,69,
165,70,
166,1,
166,2,
166,3,
166,4,
166,5,
166,6,
166,7,
166,8,
166,9,
166,10,
166,11,
166,12,
166,13,
166,14,
166,15,
166,16,
166,17,
166,18,
166,19,
166,20,
166,21,
166,22,
166,23,
166,24,
166,25,
166,26,
166,27,
166,28,
166,29,
166,30,
166,31,
166,32,
166,33,
166,34,
166,35,
166,36,
166,37,
166,38,
166,39,
166,40,
166,41,
166,42,
166,43,
166,44,
166,45,
166,46,
166,47,
166,48,
166,49,
166,50,
166,51,
166,52,
166,53,
166,54,
166,55,
166,56,
166,57,
166,58,
166,59,
166,60,
166,61,
166,62,
166,63,
166,64,0.0289
166,65,
166,66,
166,67,
166,68,0.0388
166,69,
166,70,
168,1,
168,2,
168,3,
168,4,
168,5,
168,6,
168,7,
168,8,
168,9,
168,10,
168,11,
168,12,
168,13,
168,14,
168,15,
168,16,
168,17,
168,18,
168,19,
168,20,
168,21,
168,22,
168,23,
168,24,
168,25,
168,26,
168,27,
168,28,
168,29,
168,30,
168,31,
168,32,
168,33,
168,34,0.205
168,35,
168,36,0.213
168,37,
168,38,0.298
168,39,0.326
168,40,0.401
168,41,0.394
168,42,0.398
168,43,0.364
168,44,0.342
168,45,
168,46,0.335
168,47,
168,48,0.31
168,49,0.285
168,50,
168,51,0.269
168,52,0.254
168,53,0.232
168,54,
168,55,0.211
168,56,
168,57,
168,58,0.165
168,59,0.13
168,60,0.113
168,61,0.105
168,62,0.117
168,63,0.0841
168,64,0.0782
168,65,0.0695
168,66,0.0505
168,67,0.0431
168,68,0.0449
168,69,0.0708
168,70,
169,1,
169,2,
169,3,
169,4,
169,5,
169,6,
169,7,
169,8,
169,9,
169,10,
169,11,
169,12,
169,13,
169,14,
169,15,
169,16,
169,17,
169,18,
169,19,
169,20,
169,21,
169,22,
169,23,
169,24,
169,25,
169,26,
169,27,
169,28,
169,29,
169,30,
169,31,
169,32,
169,33,
169,34,
169,35,
169,36,
169,37,
169,38,
169,39,
169,40,
169,41,
169,42,
169,43,
169,44,
169,45,
169,46,
169,47,
169,48,
169,49,
169,50,0.319
169,51,
169,52,
169,53,
169,54,
169,55,
169,56,
169,57,
169,58,0.282
169,59,0.277
169,60,0.279
169,61,0.284
169,62,0.309
169,63,0.294
169,64,0.423
169,65,0.376
169,66,0.347
169,67,
169,68,
169,69,
169,70,
170,1,
170,2,
170,3,
170,4,
170,5,
170,6,
170,7,
170,8,
170,9,
170,10,
170,11,
170,12,
170,13,
170,14,
170,15,
170,16,
170,17,
170,18,
170,19,
170,20,
170,21,
170,22,
170,23,
170,24,
170,25,
170,26,
170,27,
170,28,
170,29,
170,30,
170,31,
170,32,
170,33,
170,34,
170,35,
170,36,
170,37,
170,38,
170,39,
170,40,
170,41,
170,42,
170,43,0.16
170,44,0.153
170,45,0.163
170,46,0.178
170,47,0.16
170,48,0.156
170,49,0.135
170,50,0.143
170,51,0.142
170,52,0.15
170,53,0.131
170,54,0.162
170,55,0.192
170,56,0.205
170,57,0.206
170,58,0.199
170,59,0.164
170,60,0.172
170,61,0.185
170,62,0.228
170,63,0.197
170,64,0.167
170,65,0.157
170,66,0.169
170,67,0.178
170,68,0.185
170,69,0.195
170,70,0.205
174,1,
174,2,
174,3,
174,4,
174,5,
174,6,
174,7,
174,8,
174,9,
174,10,
174,11,
174,12,
174,13,
174,14,
174,15,
174,16,
174,17,
174,18,
174,19,
174,20,
174,21,
174,22,
174,23,
174,24,
174,25,
174,26,
174,27,
174,28,
174,29,
174,30,
174,31,
174,32,
174,33,
174,34,
174,35,
174,36,
174,37,
174,38,
174,39,
174,40,
174,41,
174,42,
174,43,
174,44,
174,45,
174,46,
174,47,
174,48,
174,49,
174,50,
174,51,
174,52,
174,53,
174,54,
174,55,
174,56,
174,57,0.157
174,58,0.149
174,59,
174,60,
174,61,
174,62,0.178
174,63,0.174
174,64,0.186
174,65,0.173
174,66,0.174
174,67,0.231
174,68,0.224
174,69,0.229
174,70,0.189
175,1,
175,2,
175,3,
175,4,
175,5,
175,6,
175,7,
175,8,
175,9,
175,10,
175,11,
175,12,
175,13,
175,14,
175,15,
175,16,
175,17,
175,18,
175,19,
175,20,
175,21,
175,22,
175,23,
175,24,
175,25,
175,26,
175,27,
175,28,
175,29,
175,30,
175,31,
175,32,
175,33,
175,34,
175,35,
175,36,
175,37,
175,38,
175,39,
175,40,
175,41,
175,42,
175,43,
175,44,
175,45,
175,46,
175,47,
175,48,
175,49,
175,50,
175,51,
175,52,
175,53,
175,54,
175,55,
175,56,
175,57,
175,58,
175,59,
175,60,
175,61,
175,62,
175,63,
175,64,
175,65,
175,66,
175,67,
175,68,
175,69,0.0604
175,70,0.077
176,1,
176,2,
176,3,
176,4,
176,5,
176,6,
176,7,
176,8,
176,9,
176,10,
176,11,
176,12,
176,13,
176,14,
176,15,
176,16,
176,17,
176,18,
176,19,
176,20,
176,21,
176,22,
176,23,
176,24,
176,25,
176,26,
176,27,
176,28,
176,29,
176,30,
176,31,
176,32,
176,33,
176,34,
176,35,
176,36,0.202
176,37,0.191
176,38,0.182
176,39,0.185
176,40,0.162
176,41,0.132
176,42,0.103
176,43,0.104
176,44,0.139
176,45,0.157
176,46,0.175
176,47,0.164
176,48,0.155
176,49,0.149
176,50,0.136
176,51,0.125
176,52,0.124
176,53,0.12
176,54,0.103
176,55,0.109
176,56,0.114
176,57,0.107
176,58,0.127
176,59,0.139
176,60,0.143
176,61,0.15
176,62,0.191
176,63,0.199
176,64,0.213
176,65,0.212
176,66,0.207
176,67,0.17
176,68,0.146
176,69,0.13
176,70,0.121
177,1,0.073
177,2,0.108
177,3,0.093
177,4,0.057
177,5,0.062
177,6,0.059
177,7,0.106
177,8,0.087
177,9,0.085
177,10,0.09
177,11,0.131
177,12,0.11
177,13,0.112
177,14,0.13
177,15,0.113
177,16,0.122
177,17,0.115
177,18,0.101
177,19,0.086
177,20,0.087
177,21,0.087
177,22,0.084
177,23,0.11
177,24,0.127
177,25,0.121
177,26,0.105
177,27,0.119
177,28,0.161
177,29,0.147
177,30,0.136
177,31,0.123
177,32,0.118
177,33,0.139
177,34,0.149
177,35,0.178
177,36,0.172
177,37,0.139
177,38,0.136
177,39,0.133
177,40,0.122
177,41,0.11
177,42,0.109
177,43,0.112
177,44,0.134
177,45,0.142
177,46,0.134
177,47,0.125
177,48,0.122
177,49,0.121
177,50,0.114
177,51,0.104
177,52,0.099
177,53,0.0934
177,54,0.106
177,55,0.12
177,56,0.124
177,57,0.118
177,58,0.113
177,59,0.105
177,60,0.105
177,61,0.128
177,62,0.176
177,63,0.184
177,64,0.173
177,65,0.162
177,66,0.155
177,67,0.134
177,68,0.116
177,69,0.104
177,70,0.0924
178,1,
178,2,
178,3,
178,4,
178,5,
178,6,
178,7,
178,8,
178,9,
178,10,
178,11,
178,12,
178,13,
178,14,
178,15,
178,16,
178,17,
178,18,
178,19,
178,20,
178,21,
178,22,
178,23,
178,24,
178,25,
178,26,
178,27,
178,28,
178,29,
178,30,
178,31,
178,32,
178,33,
178,34,
178,35,
178,36,
178,37,0.167
178,38,
178,39,
178,40,
178,41,
178,42,
178,43,0.234
178,44,0.244
178,45,0.239
178,46,0.229
178,47,0.241
178,48,0.246
178,49,
178,50,
178,51,0.243
178,52,
178,53,0.307
178,54,0.342
178,55,
178,56,0.383
178,57,0.33
178,58,0.292
178,59,0.281
178,60,0.25
178,61,0.224
178,62,0.211
178,63,0.207
178,64,0.181
178,65,0.185
178,66,0.193
178,67,0.194
178,68,0.225
178,69,0.238
178,70,0.248
180,1,
180,2,
180,3,
180,4,
180,5,
180,6,
180,7,
180,8,
180,9,
180,10,
180,11,
180,12,
180,13,
180,14,
180,15,
180,16,
180,17,
180,18,
180,19,
180,20,
180,21,
180,22,
180,23,
180,24,
180,25,
180,26,
180,27,
180,28,
180,29,
180,30,
180,31,
180,32,
180,33,
180,34,
180,35,
180,36,
180,37,
180,38,
180,39,
180,40,
180,41,
180,42,
180,43,
180,44,
180,45,
180,46,
180,47,
180,48,
180,49,
180,50,
180,51,
180,52,
180,53,
180,54,
180,55,
180,56,
180,57,
180,58,
180,59,
180,60,
180,61,
180,62,0.106
180,63,
180,64,
180,65,
180,66,
180,67,
180,68,
180,69,
180,70,
181,1,
181,2,
181,3,
181,4,
181,5,
181,6,
181,7,
181,8,
181,9,
181,10,
181,11,
181,12,
181,13,
181,14,
181,15,
181,16,
181,17,
181,18,
181,19,
181,20,
181,21,
181,22,
181,23,
181,24,
181,25,
181,26,
181,27,
181,28,
181,29,
181,30,
181,31,
181,32,
181,33,
181,34,
181,35,
181,36,
181,37,
181,38,
181,39,
181,40,
181,41,
181,42,
181,43,
181,44,
181,45,
181,46,
181,47,
181,48,
181,49,
181,50,
181,51,
181,52,
181,53,
181,54,
181,55,
181,56,
181,57,
181,58,0.182
181,59,0.154
181,60,0.136
181,61,0.124
181,62,0.122
181,63,0.142
181,64,0.141
181,65,0.142
181,66,
181,67,
181,68,
181,69,
181,70,
182,1,
182,2,
182,3,
182,4,
182,5,
182,6,
182,7,
182,8,
182,9,
182,10,
182,11,
182,12,
182,13,
182,14,
182,15,
182,16,
182,17,
182,18,
182,19,
182,20,
182,21,
182,22,
182,23,
182,24,
182,25,
182,26,
182,27,
182,28,
182,29,
182,30,
182,31,
182,32,
182,33,
182,34,
182,35,
182,36,
182,37,
182,38,
182,39,
182,40,
182,41,
182,42,
182,43,
182,44,
182,45,
182,46,
182,47,
182,48,
182,49,
182,50,
182,51,
182,52,
182,53,
182,54,
182,55,
182,56,
182,57,0.0462
182,58,
182,59,
182,60,0.0624
182,61,
182,62,0.0461
182,63,0.0357
182,64,0.0344
182,65,0.0396
182,66,0.0475
182,67,0.0521
182,68,0.067
182,69,0.0718
182,70,0.0732
183,1,
183,2,
183,3,
183,4,
183,5,
183,6,
183,7,
183,8,
183,9,
183,10,
183,11,
183,12,
183,13,
183,14,
183,15,
183,16,
183,17,
183,18,
183,19,
183,20,
183,21,
183,22,
183,23,
183,24,
183,25,
183,26,
183,27,
183,28,
183,29,
183,30,
183,31,
183,32,
183,33,
183,34,
183,35,
183,36,
183,37,
183,38,
183,39,
183,40,
183,41,
183,42,
183,43,
183,44,
183,45,
183,46,
183,47,
183,48,
183,49,
183,50,
183,51,
183,52,0.186
183,53,
183,54,
183,55,
183,56,
183,57,
183,58,
183,59,
183,60,
183,61,
183,62,
183,63,
183,64,
183,65,
183,66,
183,67,0.245
183,68,
183,69,
183,70,
184,1,
184,2,
184,3,
184,4,
184,5,
184,6,
184,7,
184,8,
184,9,
184,10,
184,11,
184,12,
184,13,
184,14,
184,15,
184,16,
184,17,
184,18,
184,19,
184,20,
184,21,
184,22,
184,23,
184,24,
184,25,
184,26,
184,27,
184,28,
184,29,
184,30,
184,31,
184,32,
184,33,
184,34,
184,35,
184,36,
184,37,
184,38,
184,39,
184,40,
184,41,
184,42,
184,43,
184,44,
184,45,
184,46,
184,47,
184,48,
184,49,
184,50,
184,51,
184,52,
184,53,
184,54,
184,55,
184,56,
184,57,
184,58,
184,59,
184,60,
184,61,
184,62,
184,63,
184,64,
184,65,0.152
184,66,
184,67,
184,68,
184,69,
184,70,
185,1,
185,2,
185,3,
185,4,
185,5,
185,6,
185,7,
185,8,
185,9,
185,10,
185,11,
185,12,
185,13,
185,14,
185,15,
185,16,
185,17,
185,18,
185,19,
185,20,
185,21,
185,22,
185,23,
185,24,
185,25,
185,26,
185,27,
185,28,
185,29,
185,30,
185,31,
185,32,
185,33,
185,34,
185,35,
185,36,
185,37,
185,38,
185,39,
185,40,
185,41,
185,42,
185,43,
185,44,
185,45,
185,46,
185,47,
185,48,
185,49,
185,50,0.165
185,51,
185,52,0.14
185,53,
185,54,
185,55,
185,56,
185,57,0.0761
185,58,
185,59,
185,60,
185,61,
185,62,
185,63,
185,64,0.0873
185,65,
185,66,
185,67,0.164
185,68,
185,69,
185,70,
